id,group,OTU.1,OTU.2,OTU.3,OTU.4,OTU.5,OTU.6,OTU.7,OTU.8,OTU.9,OTU.10,OTU.11,OTU.12,OTU.13,OTU.14,OTU.15,OTU.16,OTU.17,OTU.18,OTU.19,OTU.20,OTU.21,OTU.22,OTU.23,OTU.24,OTU.25,OTU.26,OTU.27,OTU.28,OTU.29,OTU.30,OTU.31,OTU.32,OTU.33,OTU.34
s01,Case,0.0020722812,0.1038627321,0.0007460212,0.0016578249,0.0083720159,0.0111074271,0.4140417772,0.0005802387,0.0021551724,0.200265252,0.0040616711,0,0.0212201592,0.0004144562,0.0208057029,0.0226293103,0.0305039788,0.0015749337,0.0005802387,0,0,0,0.0008289125,0,0.0232095491,0.0037301061,0.0095324934,0.0208885942,0.0701259947,0.0056366048,0.0186505305,0,0,0.0007460212
s01,Case,0.0022946306,0.0718219367,0.0005736576,0.0035566774,0.010211106,0.0156034878,0.6608536026,0.0002294631,0.0030977513,0.0641349243,0.0037861404,0,0.0271913722,0.0004589261,0.0098669114,0.0159476824,0.0246672786,0.0011473153,0.0013767783,0,0,0,0.0010325838,0.0003441946,0.0075722809,0.018242313,0.0145709041,0.0261587884,0.0092932538,0.0036714089,0,0.0001147315,0.0002294631,0.001950436
s01,Case,0.000591541,0.004880213,0,0.0002957705,0.0007394262,0.0035492458,0.5610766046,0.0029577048,0.0001478852,0.0056196392,0.0180419994,0,0.0017746229,0,0.0601892931,0.0053238687,0.0600414079,0.0002957705,0.0001478852,0,0,0.0014788524,0,0,0.2500739426,0.0133096717,0.0019225081,0,0.0013309672,0.0008873114,0.000591541,0,0.0008873114,0.0038450163
s01,Case,0.0007268762,0.0061784481,0.0005451572,0.0005451572,0.0001817191,0.0047246956,0.5407959295,0.0014537525,0,0.2306014901,0.0027257859,0,0.0069053244,0,0.0921315646,0.0003634381,0.055424314,0.0001817191,0,0,0.0041795384,0,0,0,0.0094493912,0.0036343812,0.0079956387,0,0.0034526622,0.0012720334,0.0241686353,0,0,0.0023623478
s01,Case,0.0009553587,0.026923745,0.0001737016,0.0013896126,0.003734584,0.0052978982,0.449887094,0.0002605524,8.68507903421921e-05,0.2851311447,0.0022581205,0,0.0025186729,0,0.0498523537,0.0110300504,0.0102483933,0.0006948063,8.68507903421921e-05,0,0.068351572,0,0.0006079555,0,0.0080771235,0.0095535869,0.0032134792,0.0019107174,0.0048636443,0.0019107174,0.048896995,0,0,0.002084419
s01,Case,0.0016015375,0.0159086056,0.000640615,0.0010676917,0,0.0134529148,0.4182148196,0.00128123,0.0002135383,0.1026051676,0.0018150758,0,0.0044843049,0,0.0674781123,0.0058723041,0.2864616699,0.0009609225,0.0009609225,0,0.0039504591,0,0.0004270767,0.0001067692,0.0021353833,0.0163356823,0.0049113816,0.0105701473,0.0038436899,0.0013879991,0.0231689088,0.0004270767,0.0026692291,0.0070467649
s01,Case,0.001471887,0.0384162496,0.0004415661,0.0023550191,0.0027965852,0.0098616426,0.7112157786,0.0026493965,0,0.0457756844,0.0007359435,0,0.0100088313,0,0.0547541949,0.001471887,0.058581101,0.0013246983,0.0008831322,0,0.0001471887,0,0.0001471887,0,0,0.0133941713,0.0094200765,0.0154548131,0.0066234913,0.0011775096,0.00677068,0,0.0020606417,0.0020606417
s01,Case,0.0011157601,0.0529986053,0.0004649,0.0004649,0.0034402603,0.0132961413,0.520130172,0.0020455602,0.0011157601,0.1340771734,0.0005578801,0,0.0092980009,0,0.0243607624,0.0225011623,0.130450953,0.0021385402,0.0006508601,0,0,0.00018596,0.0008368201,0.0004649,0,0.0130172013,0.0185030219,0.0067875407,0.0225011623,0.0051139005,0.0047419805,0.00037192,0.00037192,0.0079962808
s01,Case,0.0021621622,0.0473513514,0.0004324324,0.0006486486,0.0021621622,0.0075675676,0.4562162162,0.0015135135,0.0004324324,0.0425945946,0.0125405405,0,0.0056216216,0,0.1098378378,0.0025945946,0.1264864865,0.0004324324,0,0,0.0311351351,0,0.0015135135,0,0.0616216216,0.0021621622,0.0067027027,0.0034594595,0.0028108108,0.0010810811,0.0663783784,0,0.0008648649,0.0036756757
s01,Case,0.0005963029,0.0047704234,0,0,0.002782747,0.0151063407,0.7431922083,0.002186444,0,0.1059431525,0,0,0.0095408468,0,0.0274299344,0.004969191,0.0085470085,0.0007950706,0.0005963029,0,0,0,0,0,0,0.0325978931,0.0125223614,0.0101371497,0,0.0005963029,0.002782747,0,0.0143112701,0.0005963029
s01,Case,0.0035075412,0.086811645,0.0014030165,0.0005261312,0.0094703613,0.0159593125,0.4065240267,0.0010522624,0.0070150824,0.0555945282,0.0010522624,0,0.020343739,0,0.0068397054,0.0042090495,0.2779726412,0.0019291477,0.0003507541,0,0,0,0.0022799018,0,0.0017537706,0.0035075412,0.0047351806,0.0240266573,0.0380568222,0.0015783935,0.0189407226,0.0001753771,0,0.0043844265
s01,Case,0.0005265005,0.0149175149,0.0005265005,0.0010530011,0.0022815023,0.0133380133,0.7762372762,0.0045630046,0.0001755002,0.0080730081,0.0026325026,0,0.0033345033,0,0.0528255528,0.0010530011,0.0696735697,0.0005265005,0.0003510004,0,0,0,0,0,0.0003510004,0.017023517,0.0154440154,0.0026325026,0.0001755002,0.0005265005,0.0038610039,0,0.0042120042,0.0036855037
s02,Case,0.0856367226,0.0133267522,0.0013573544,0.001727542,0.0003701876,0.0007403751,0.2214955577,0,0.0002467917,0.1084649556,0.0006169793,0,0.0039486673,0.0007403751,0.0012339585,0.0016041461,0.0695952616,0.0023445212,0.0001233959,0.0016041461,0.2382773939,0.0014807502,0.0007403751,0,0.1884254689,0.0023445212,0.0328232971,0,0.0033316881,0,0.0096248766,0.0018509378,0,0.005923001
s02,Case,0.0005181347,0.0006908463,0.0005181347,0,0,0.0001727116,0.2039723661,0,0,0.132642487,0.0459412781,0,0,0,0,0.0013816926,0.0390328152,0,0,0.0013816926,0,0,0.0005181347,0,0.502417962,0.0006908463,0.0601036269,0,0,0,0.0005181347,0.0015544041,0,0.0079447323
s02,Case,0.1435419441,0.0418109188,0.0015978695,0.0058588549,0.0007989348,0.0042609854,0.2681757656,0.0007989348,0.0026631158,0.1402574345,0.0046160675,0.003018198,0.0140257435,0.001509099,0.0003550821,0.0159786951,0.0779405237,0.0020417221,0.0025743453,0.003195739,0.0071904128,0.001509099,0.0010652463,0,0.1537505548,0.015623613,0.0244118953,0.0190856636,0.0158899245,0,0.0208610741,0.0014203285,0,0.0041722148
s02,Case,0.0009805844,0.0156893509,0.0011767013,0.0009805844,0.0001961169,0.0023534026,0.4710727594,0,0.0001961169,0.156109041,0,0,0.001765052,0.0001961169,0.0001961169,0,0.1096293391,0.0027456364,0.0064718572,0.0096097274,0.0655030398,0,0.0009805844,0,0.0621690528,0.022357325,0.0368699745,0,0,0,0.0294175328,0.0009805844,0,0.0023534026
s02,Case,0.0614640884,0.009553407,0.0011510129,0.0042587477,0,0.0097836096,0.2189226519,0,0.0014963168,0.0653775322,0,0.0025322284,0.0080570902,0.000805709,0,0.0120856354,0.3352900552,0.0014963168,0.0019567219,0.0721685083,0,0.0001151013,0.0005755064,0,0.1581491713,0.0092081031,0.0109346225,0.0113950276,0.0003453039,0,0.0014963168,0.0001151013,0,0.0012661142
s02,Case,0.0288740569,0.0149448636,0.0007254788,0.0004352873,0,0.0001450958,0.3891468369,0,0.0004352873,0.1108531631,0,0,0.0036273941,0.0008705746,0.0014509576,0.0044979687,0.0486070807,0.0005803831,0.0021764364,0.1847069066,0.0101567034,0.0011607661,0.0010156703,0,0.1301508996,0.0340975044,0.0229251306,0,0.0005803831,0,0.0049332559,0.0010156703,0,0.0018862449
s02,Case,0.0695090827,0.0243206726,0.0015012761,0.0010508933,0.000750638,0.0139618676,0.3733673623,0.0010508933,0.0031526798,0.16949407,0,0.0036030626,0.0090076565,0.0015012761,0,0.0028524246,0.1032877946,0.0045038283,0.0055547215,0.0510433869,0,0.0013511485,0.0015012761,0,0.0759645699,0.0178651854,0.0087074013,0.0246209278,0.0015012761,0,0.02762348,0.0004503828,0.0001501276,0.000750638
s02,Case,0.0080412866,0.0118819011,0.0010801728,0.000600096,0.0001200192,0.0043206913,0.2030724916,0.0015602496,0.0003600576,0.1544647144,0.0249639942,0,0.005880941,0.0004800768,0.0003600576,0.0007201152,0.2053528565,0.0007201152,0.0016802688,0.0046807489,0.0010801728,0.0009601536,0.0004800768,0,0.3353336534,0.0003600576,0.021843495,0,0.0040806529,0,0.0030004801,0.0004800768,0.0001200192,0.0019203072
s02,Case,0.0004028197,0.0047331319,0,0.0001007049,0,0.001510574,0.2023162135,0.0022155086,0.0002014099,0.1252769386,0.0655589124,0,0.0011077543,0.0004028197,0.0008056395,0.0025176234,0.1097683787,0.0001007049,0.0012084592,0.0205438066,0.0311178248,0.0006042296,0.0005035247,0,0.3973816717,0.0126888218,0.0048338369,0,0,0,0.0120845921,0,0,0.0020140987
s02,Case,0.1284003422,0.028314799,0.0013686912,0.0066723695,0.0013686912,0.0143712575,0.2289136014,0.0010265184,0.0032506416,0.0512403764,0.0016253208,0.0035072712,0.021043627,0.001710864,8.55431993156544e-05,0.0024807528,0.2491017964,0.0019674936,0.0023096664,0.0342172797,0.0015397776,0.0027373824,0.000855432,0,0.128314799,0.0053892216,0.0149700599,0.0249786142,0.0309666382,0,0.0041916168,0.000855432,8.55431993156544e-05,0.00213858
s02,Case,0.002037905,0.0347462808,0.001222743,0.0014265335,0.000407581,0.0023435908,0.3184226615,0,0.0006113715,0.0889545547,0.0074383534,0.0014265335,0.0030568576,0.000815162,0.0003056858,0.012940697,0.0380069289,0.0019360098,0.002445486,0.1141226819,0.0092724679,0.0002037905,0.0007132668,0,0.2864275525,0.0179335643,0.0198695741,0.0100876299,0.0038720196,0,0.015386183,0.0006113715,0,0.0029549623
s02,Case,0.0417954139,0.0115465929,0.0011383965,0.0001626281,0,0.0026020491,0.3161489673,0,0.0013010246,0.2081639291,0,0,0.0006505123,0.0001626281,0.0003252561,0.0004878842,0.1579118556,0.0013010246,0.0035778175,0.0003252561,0.0001626281,0.0004878842,0.0009757684,0,0.1834444625,0.0365913157,0.0071556351,0,0,0,0.0193527403,0.0008131403,0,0.0034151895
s03,Case,0.0053278689,0.0270491803,0.0020491803,0.0032786885,0.0020491803,0.0016393443,0.7393442623,0,0.0020491803,0.0356557377,0.0040983607,0.0012295082,0,0,0,0.006147541,0.018852459,0,0,0,0,0,0,0,0.0213114754,0.0073770492,0.0745901639,0.0081967213,0.0057377049,0.0045081967,0.0278688525,0,0.0008196721,0.0008196721
s03,Case,0.0053468411,0.0094273252,0.0011256508,0.0039397777,0.0022513015,0.0029548333,0.3488110314,0.0057689602,0.0030955396,0.0161812298,0.0011256508,0.003236246,0,0.0008442381,0.0053468411,0.0014070635,0.1248065288,0.0002814127,0.0002814127,0.0074574363,0.000422119,0.000422119,0.0008442381,0,0.2904178978,0.0108343886,0.02195019,0.0505135782,0.0436189672,0.0022513015,0.0339102294,0,0.0002814127,0.0008442381
s03,Case,0.0007655795,0,0.0001531159,0.0003062318,0.0010718114,0,0.3203184811,0,0,0.0065839841,0.0007655795,0.0004593477,0,0,0,0.0004593477,0.0538967999,0,0,0,0.0004593477,0.0003062318,0.0001531159,0,0.5254937988,0.021895575,0.0338386158,0.0003062318,0,0,0.026795284,0,0.0056652886,0.0003062318
s03,Case,0.0006224325,0,0.0001244865,0.0009958919,0,0.0008714055,0.2359019046,0,0,0.0028631893,0.0006224325,0,0,0,0.0077181626,0.0013693514,0.1450267646,0.0001244865,0,0.0003734595,0.0019917839,0.0001244865,0,0,0.5091497573,0.0056018922,0.03585211,0.0054774057,0.0017428109,0,0.0281339475,0,0.0146894062,0.0006224325
s03,Case,0.0058194106,0.027720418,0.0011889118,0.0052562418,0.0009386146,0.0025029723,0.162255178,0.0086978287,0.0018146549,0.0115762468,0.0022526751,0.0014392091,6.25743069895501e-05,0.000813466,0.0011889118,0.0002502972,0.2879669608,0.0006883174,0.0001251486,0.0003754458,0,0.0004380201,0.0021901007,0,0.4019773481,0.0038170327,0.0033164383,0.0270946749,0.034040423,0.0013766348,0.0026281209,0,0,0.0001877229
s03,Case,0.00230571,0.0145124101,0.00122067,0.00230571,0.00189882,0.00067815,0.2799403228,0,0.00040689,0.00447579,0.0050183101,0.00094941,0,0,0,0.00081378,0.0873457209,0.00027126,0,0,0,0,0,0.00013563,0.5357385054,0.00352638,0.0345856503,0.0061033501,0.0128848501,0,0.0040689,0,0,0.00081378
s03,Case,0.0051061854,0.0040617384,0.000348149,0.0004641987,0.000696298,0.0015086457,0.1962399907,0.0085876755,0.0002320993,0.0322618081,0.0046419868,0.000348149,0,0.0001160497,0.0022049437,0,0.1247533945,0,0,0.000348149,0.000348149,0.0004641987,0.000348149,0,0.5313914355,0.0005802483,0.0259951259,0.0376000928,0.0064987815,0,0.013693861,0,0.0004641987,0.000696298
s03,Case,0.0108294561,0.0355366597,0.0012834911,0.0030482914,0.0022461094,0.0024065458,0.288544842,0.0097064014,0.0154821113,0.0038504733,8.02181934862827e-05,0.005374619,8.02181934862827e-05,0.0017648003,0,0.0002406546,0.1514519493,0.0012032729,0.0003208728,0.0009626183,0,0.0002406546,0.0003208728,0.0003208728,0.2955238248,0.0187710573,0.0130755655,0.0930531044,0.029841168,0.0018450185,0.0085833467,0.0012032729,0.0018450185,0.0009626183
s03,Case,0.0036483669,0.0099027102,0.0012161223,0.0034746352,0.0022585129,0.0024322446,0.3717859625,0.0003474635,0.0012161223,0.0029534399,0.0071230021,0.0031271716,0,0.0003474635,0,0.0001737318,0.1200486449,0,0.0005211953,0,0,0.0012161223,0.0010423905,0.0010423905,0.3194927033,0.0142460042,0.0411744267,0.0387421821,0.0340514246,0.0027797081,0.0072967338,0,0.0022585129,0.0060806115
s03,Case,0.0012287528,0.0079868933,0.0004095843,0.0005119803,0.0004095843,0.0010239607,0.3356543109,0.0028670899,0.001433545,0.0449518738,0.0201720254,0.0012287528,0,0,0,0,0.2129838214,0.0002047921,0.0002047921,0.001433545,0.0001023961,0.0001023961,0.0002047921,0.0003071882,0.2611099734,0.0254966209,0.0320499693,0.0125947164,0.0023551096,0,0.0233463035,0.001535941,0.0069629326,0.0011263567
s03,Case,0.0024714242,0,0.0012357121,0.0037071362,0,0,0.3197405005,0,0.000617856,0,0.000308928,0.000617856,0,0,0,0,0.2320049428,0,0,0,0.0012357121,0,0,0.0027803522,0.1974050046,0.015446401,0.0534445474,0.0049428483,0.0067964164,0,0.1507568736,0,0.0037071362,0.0027803522
s03,Case,0.0159377317,0.0090190264,0.0006177415,0.0006177415,0.0004941932,0.0007412898,0.3539659007,0,0.0006177415,0.0379293304,0.0119841858,0.0006177415,0,0.0001235483,0.0034593526,0.0017296763,0.3257968866,0.0003706449,0.0002470966,0.0014825797,0.0003706449,0.0004941932,0.0003706449,0.0004941932,0.1349147517,0.0143316037,0.0303928836,0.0105016061,0.0159377317,0,0.0150728935,0,0.0093896714,0.0019767729
s04,Case,0.0111953774,0.0506801493,0.0009630432,0.001203804,0.0170940171,0.055976887,0.0286505357,0.0010834236,0.0170940171,0.0944986156,0.0279282533,0.0086673889,0.0429758035,0.0022872276,0.0184182015,0.0048152161,0.3034789936,0.001203804,0.001805706,0.0274467317,0.0043336945,0.0004815216,0.0004815216,0.0111953774,0.0008426628,0.0038521729,0.0089081498,0.0925725292,0.0400866739,0.0014445648,0.083543999,0.0291320573,0,0.0056578789
s04,Case,0.0025655644,0.0270809578,0.0002850627,0.0025655644,0.0045610034,0.1878563284,0.0022805017,0,0.0062713797,0.0142531357,0.088654504,0.0042759407,0.0071265678,0.0071265678,0.151368301,0.0190992018,0.15336374,0,0.0008551881,0.1111744584,0.0125427594,0,0,0.0125427594,0.0005701254,0.0176738883,0.0028506271,0.0287913341,0.007981756,0.0034207526,0.0977765108,0.0185290764,0,0.0065564424
s04,Case,0.0005030181,0.0251509054,0,0.0025150905,0,0.0010060362,0.088028169,0,0,0.3314889336,0.1916498994,0.0005030181,0,0.0010060362,0,0.0573440644,0.1730382294,0,0.0020120724,0.0125754527,0,0,0,0.01861167,0.0150905433,0.0306841046,0.0035211268,0.0155935614,0.0015090543,0,0.0025150905,0.0191146881,0,0.0065392354
s04,Case,0.0018947368,0.0642105263,0,0.0035789474,0.0191578947,0.0157894737,0.1442105263,0.0004210526,0.0002105263,0.0197894737,0.0122105263,0.0225263158,0.0002105263,0.0124210526,0.1168421053,0.0686315789,0.2414736842,0.0008421053,0.0086315789,0,0.0187368421,0.0006315789,0.0008421053,0.0014736842,0,0.024,0.0101052632,0.1063157895,0.0162105263,0.0027368421,0.0610526316,0.0048421053,0,0
s04,Case,0.0134110787,0.0419825073,0,0,0.012244898,0.0151603499,0.2647230321,0,0.0262390671,0.0023323615,0.0052478134,0.0309037901,0.0402332362,0.0151603499,0,0.2204081633,0.0204081633,0.0034985423,0.0093294461,0.0005830904,0,0,0.0005830904,0.0163265306,0,0.0448979592,0.0349854227,0.1381924198,0.012244898,0,0.0116618076,0.0192419825,0,0
s04,Case,0.0019685039,0.0360892388,0,0,0.0019685039,0.0288713911,0.2906824147,0,0.000656168,0.1437007874,0.2329396325,0.000656168,0,0.000656168,0.0275590551,0.0124671916,0.0295275591,0,0.0032808399,0,0.0026246719,0,0,0,0.0334645669,0.0400262467,0.0170603675,0.031496063,0.0045931759,0,0.0426509186,0.0170603675,0,0
s04,Case,0.0014312977,0.0710877863,0,0.0002385496,0.0071564885,0.0407919847,0.3843034351,0,0.0016698473,0.1875,0.0295801527,0.0019083969,0.0019083969,0.0033396947,0,0.0152671756,0.0007156489,0.0009541985,0.0073950382,0,0,0,0.0002385496,0.0193225191,0.015028626,0.0276717557,0.044370229,0.0865935115,0.0040553435,0.0016698473,0.0202767176,0.0145515267,0,0.0109732824
s04,Case,0.0010174419,0.0171511628,0,0.0007267442,0.0015988372,0.0441860465,0.2001453488,0.001744186,0.001744186,0.0498546512,0.0390988372,0.0015988372,0.0040697674,0.001744186,0.1117732558,0,0.3200581395,0.0007267442,0.0074127907,0,0.0136627907,0.0002906977,0.0001453488,0.005377907,0.0063953488,0.0199127907,0.0061046512,0.0712209302,0.0050872093,0.0018895349,0.0523255814,0.0103197674,0,0.0026162791
s04,Case,0.0065028902,0.0561175337,0.0002408478,0.0060211946,0.0060211946,0.0568400771,0.2752890173,0,0.0214354528,0.0236030829,0.0474470135,0.0043352601,0.0103564547,0.003371869,0.0149325626,0.0922447013,0.1252408478,0.0009633911,0.0004816956,0.0019267823,0,0,0.0009633911,0.021194605,0.0014450867,0.0040944123,0.073699422,0.063583815,0.0091522158,0.0045761079,0.0366088632,0.0214354528,0,0.0098747592
s04,Case,0.0078125,0.0217927632,0,0,0.0028782895,0.0522203947,0.0579769737,0,0.0028782895,0.4342105263,0.0180921053,0.0024671053,0,0.0004111842,0.046875,0.0094572368,0.0201480263,0.0004111842,0.0012335526,0.0152138158,0.015625,0,0,0,0,0.0115131579,0.0004111842,0.0139802632,0.0246710526,0.0049342105,0.2179276316,0.0168585526,0,0
s04,Case,0.0040475588,0.0536301543,0.0010118897,0.0025297243,0.0159372628,0.0763976727,0.0007589173,0.0005059449,0.0058183658,0.1039716671,0.2673918543,0.0121426764,0.0086010625,0.0012648621,0.0321274981,0.0295977738,0.2542372881,0.0015178346,0.003541614,0.0002529724,0.0007589173,0,0.0010118897,0,0.0063243107,0.0048064761,0.0002529724,0.0688084999,0.0250442702,0.003541614,0.0139134834,0.0002529724,0,0
s04,Case,0.0043570419,0.0625294395,0.0003532737,0.0024729157,0.0060056524,0.0617051342,0.0383890721,0.0003532737,0.0171926519,0.322656618,0.0058878945,0.0073009892,0.0100094206,0.0048280735,0.0259067358,0.0221384833,0.2603626943,0.0012953368,0.0027084315,0.0017663683,0.0017663683,0.0002355158,0.0005887894,0.0054168629,0.0020018841,0.0120113048,0.0284974093,0.0658266604,0.0095383891,0.0015308526,0.0097739049,0.0037682525,0,0.0008243052
s05,Case,0.0128930404,0.0451256414,0.0017103013,0.0052624655,0.0005262465,0.0532824628,0.3682410209,0.0021049862,0.0026312327,0.0019734245,0.0042099724,0.0096039995,0.0051309038,0.0084199447,0.0319694777,0.0090777529,0.1376134719,0.0002631233,0.0038152875,0,0.0007893698,0.0022365478,0.0007893698,0,0.0001315616,0.00723589,0.0784107354,0.1376134719,0.0367056966,0.0049993422,0.0085515064,0.0003946849,0,0.0182870675
s05,Case,0.0081558677,0.0086089715,0.0013593113,0.0031717263,0,0.0031717263,0.1903035795,0.0027186226,0,0.0412324422,0.0049841414,0.0049841414,0,0,0.0879021296,0.0063434527,0.1024014499,0,0,0,0.1132759402,0.0004531038,0,0,0.0086089715,0.0022655188,0.1082917988,0.0258269144,0.0339827821,0,0.1948346171,0,0,0.0471227911
s05,Case,0.0196341668,0.0234938748,0.0015103205,0.0072159758,0,0.0053700285,0.2448397382,0.0013425071,0,0.0058734687,0.0095653633,0.0011746937,0.0003356268,0.0068803491,0.0238295016,0.0040275214,0.2857862057,0.0001678134,0.003859708,0,0.0067125357,0.003859708,0.003020641,0,0.0137606981,0.0040275214,0.0620909549,0.0780332271,0.0179560329,0,0.1522067461,0,0.0001678134,0.0132572579
s05,Case,0.1032849346,0.0340850582,0.0011327361,0.0071053445,0.000720832,0.0236844815,0.2678405931,0.0008238081,0.0019565441,0.0116362887,0.0026773762,0.0083410565,0.0026773762,0.0046339203,0.0610647719,0.0046339203,0.1547729379,0.000411904,0.0035011842,0,0.1414890331,0.0018535681,0.0029863042,0,0.0135928329,0.015549377,0.0030892802,0.0878385336,0.0129749768,0.0027803522,0.0213160334,0,0.000205952,0.0013386881
s05,Case,0.0734193012,0.0613560732,0.0016638935,0.0018718802,0.0004159734,0.03140599,0.1424708819,0.0006239601,0.0016638935,0.0004159734,0,0.0095673877,0.0004159734,0,0.090266223,0,0.0904742097,0,0,0,0.237312812,0,0.0041597338,0,0.0079034942,0.0041597338,0.0058236273,0.0133111481,0.0632279534,0.0029118136,0.1297836938,0,0,0.025374376
s05,Case,0.022528581,0.0057162071,0.000672495,0.0020174849,0,0.0016812374,0.2525218561,0.0010087424,0,0.1257565568,0,0.0063887021,0,0,0.2283120377,0.0100874243,0.0427034297,0,0,0,0.161062542,0,0,0,0,0.0131136516,0.037995965,0.0110961668,0.0326160054,0.0033624748,0.0265635508,0,0.0003362475,0.0144586416
s05,Case,0.0049641478,0.0711527854,0.0016547159,0.0055157198,0,0.0055157198,0.1290678434,0.0027578599,0.0093767237,0.0204081633,0,0.0055157198,0,0,0.1897407612,0.0187534473,0.1003861004,0,0,0,0.0093767237,0,0.000551572,0,0.000551572,0.0077220077,0.0027578599,0.054605626,0.0656370656,0.0055157198,0.2680639823,0,0,0.0204081633
s05,Case,0.1592314488,0.0728798587,0.0026501767,0.0161219081,0.0011042403,0.0055212014,0.1148409894,0.0013250883,0.0212014134,0.007729682,0.0110424028,0.0132508834,0.0028710247,0.0152385159,0.043065371,0.0094964664,0.2559628975,0,0,0,0.0017667845,0.0055212014,0.0110424028,0,0.0340106007,0.0017667845,0.0172261484,0.1230123675,0.0364399293,0.003975265,0.0004416961,0,0,0.0112632509
s05,Case,0.000407332,0.0197556008,0.000407332,0.0014256619,0,0.0012219959,0.1580448065,0.0016293279,0.000203666,0.03401222,0.0042769857,0,0,0,0.0274949084,0.0036659878,0.3348268839,0,0,0,0.1745417515,0,0.0018329939,0,0.0075356415,0.0038696538,0.1240325866,0.0095723014,0.0103869654,0,0.0653767821,0,0,0.0154786151
s05,Case,0.0101772817,0.0410374261,0.0032829941,0.0042678923,0,0.0029546947,0.1881155614,0.0032829941,0.0003282994,0.0407091267,0.00558109,0.0032829941,0.0003282994,0,0.008864084,0,0.2403151674,0,0,0,0.0009848982,0.0009848982,0.00558109,0,0.001641497,0.0029546947,0.2232435982,0.0630334865,0.0538411031,0.0026263953,0.0633617859,0.0003282994,0,0.028890348
s05,Case,0.0280153347,0.049837806,0.0032438809,0.0070775582,0,0.00678266,0.1574756709,0.0020642878,0.0017693896,0.0436449425,0.0038336774,0.0100265408,0.001179593,0,0.139486877,0.0056030669,0.1288705397,0,0,0,0.0056030669,0.0026540843,0,0,0.0023591861,0.0023591861,0.2155706281,0.0533765851,0.0557357712,0.0041285756,0.0421704512,0.0005897965,0,0.0265408434
s05,Case,0,0.0206297503,0.0003619254,0.0043431053,0,0.0021715527,0.5200868621,0.0036192544,0.0010857763,0.0170104958,0,0.0021715527,0,0,0,0.0068765834,0.1845819761,0,0,0,0,0.0043431053,0.0007238509,0,0,0.0108577633,0.1313789359,0.0365544698,0.0184581976,0.0003619254,0.0202678248,0,0,0.0141150923
s06,Case,0.0261824324,0.0146396396,0,0.0036599099,0,0.0033783784,0.1182432432,0.0014076577,0.004786036,0.0011261261,0.0329391892,0,0,0,0.1466779279,0.0633445946,0.2849099099,0,0.0025337838,0,0.0030968468,0.0005630631,0.0014076577,0,0.1548423423,0.0340653153,0.0115427928,0.0076013514,0.0061936937,0,0.0548986486,0.0002815315,0.0050675676,0.0166103604
s06,Case,0.0011047282,0.0022094565,0,0.0030932391,0,0.0011047282,0.0857269112,0.0017675652,0,0.1100309324,0.057666814,0,0,0,0.1699072028,0,0.1257180734,0,0.0006628369,0,0.0008837826,0,0.0006628369,0,0.3599204596,0.0103844454,0.0053026955,0,0.0008837826,0,0.0404330535,0.0002209456,0.0006628369,0.0216526734
s06,Case,0.045100451,0.016400164,0.0004100041,0.0020500205,0,0.0069700697,0.1652316523,0,0.0032800328,0.0340303403,0.0008200082,0,0,0.0004100041,0.1102911029,0.0098400984,0.3193931939,0,0.0016400164,0,0,0,0.0024600246,0,0.106601066,0.0352603526,0.0008200082,0.008200082,0.0135301353,0,0.0504305043,0.0016400164,0.0020500205,0.0631406314
s06,Case,0.0287102473,0.00795053,0,0.0053003534,0,0.0092756184,0.1727031802,0.0013250883,0.0017667845,0.1378091873,0.0251766784,0,0,0.0013250883,0.1846289753,0.0097173145,0.1846289753,0,0,0,0.0088339223,0,0.0004416961,0,0.0627208481,0.0340106007,0,0.0212014134,0.0035335689,0,0.078180212,0,0.0026501767,0.0181095406
s06,Case,0.0094138544,0.0063943162,0.0012433393,0.0035523979,0,0.0021314387,0.0744227353,0.0010657194,0,0.3360568384,0.0063943162,0,0,0,0.0579040853,0,0.0552397869,0,0.0005328597,0,0.0014209591,0,0.0005328597,0,0.3525754885,0.0152753108,0.0110124334,0,0.0060390764,0,0.0332149201,0.0003552398,0.0001776199,0.025044405
s06,Case,0.0287143789,0.0117467914,0,0.0052207962,0,0.0078311943,0.08636067,0.0008701327,0,0.031324777,0.015009789,0.0015227322,0,0.0008701327,0.1794648684,0.0371981727,0.2730041331,0,0.0010876659,0,0.0010876659,0.0006525995,0.001305199,0,0.2601696759,0.0123993909,0,0.0056558625,0.0032629976,0.0004350663,0.0284968458,0,0.003698064,0.0026103981
s06,Case,0.0499215518,0.0156896306,0.000570532,0.0071316503,0.000285266,0.000713165,0.0580516331,0,0.0021394951,0.0235344459,0.0209670518,0,0,0.000570532,0.0089858793,0.0429325346,0.0389388104,0,0,0,0,0.000285266,0.000713165,0,0.6107545286,0.0034231921,0.0706033376,0.0071316503,0.0074169163,0,0.0136927685,0,0.000855798,0.0146911995
s06,Case,0.0761145343,0.0152229069,0,0.0123233055,0.0025371511,0.0028996013,0.1283073577,0.0028996013,0.0101486046,0.304458137,0.0054367524,0,0,0.0007249003,0.2703878217,0.0028996013,0.0569046756,0,0,0,0,0.0003624502,0.0025371511,0,0.0028996013,0.002174701,0,0.0304458137,0.0050743023,0.004349402,0.0438564697,0,0.0101486046,0.0068865531
s06,Case,0.230706907,0.0295726149,0.0006076565,0.0070893255,0.0020255216,0.0074944298,0.0798055499,0,0.0052663561,0.2076159611,0.0127607859,0,0,0.0004051043,0.0147863075,0.0761596111,0.0668422119,0,0,0,0,0,0.0012153129,0,0.1940449666,0.0127607859,0,0.0113429208,0.0081020863,0.0018229694,0.0200526636,0,0.0004051043,0.0091148471
s06,Case,0.1739837398,0.0513356562,0.006504065,0.012311266,0.0053426249,0.0176538908,0.0959349593,0,0.0053426249,0.1609756098,0,0.0148664344,0,0,0.0945412311,0.018815331,0.1356562137,0.0004645761,0,0,0.0037166086,0,0.0023228804,0,0.0576074332,0.0234610918,0.0037166086,0.0378629501,0.018815331,0.0078977933,0.0306620209,0.000232288,0.0016260163,0.0183507549
s06,Case,0.0819327731,0.0162064826,0.0007503001,0.0042016807,0.0006002401,0.0253601441,0.0628751501,0.0010504202,0.0027010804,0.18727491,0.0394657863,0.0022509004,0,0.0019507803,0.0280612245,0.0166566627,0.1652160864,0,0.0004501801,0,0.00015006,0.0076530612,0.0010504202,0,0.2656062425,0.0166566627,0.0069027611,0.0141056423,0.0079531813,0.0013505402,0.0198079232,0.0004501801,0.0051020408,0.0162064826
s06,Case,0.0086206897,0.0053050398,0,0.0016578249,0,0.0016578249,0.1322944297,0,0,0.2337533156,0.0069628647,0,0,0,0.1017904509,0.0049734748,0.1412466844,0,0,0,0.0016578249,0,0.00066313,0,0.2606100796,0.0129310345,0,0,0,0,0.0530503979,0.0013262599,0.000331565,0.0311671088
s07,Case,0.0973003375,0.0077334083,0.0021091114,0.000984252,0.0029527559,0.0025309336,0.4034026997,0,0.0019685039,0,0.0590551181,0.0001406074,0.032480315,0.0007030371,0.0005624297,0.0272778403,0.0392294713,0.003655793,0.0002812148,0.0137795276,0.005624297,0,0.0011248594,0,0.2073959505,0.0061867267,0.0203880765,0.02784027,0.0146231721,0.0005624297,0.0194038245,0,0,0.0007030371
s07,Case,0.0917442138,0.0215938917,0.0023860654,0.0014316392,0.0022667621,0.0152708184,0.3612502983,0.0026246719,0.0163445478,0.0064423765,0.0032211883,0.0035790981,0.0886423288,0.0026246719,0.0044142209,0.0200429492,0.0707468385,0.0083512288,0.0004772131,0.0027439752,0.0126461465,0.0010737294,0.0011930327,0,0.0706275352,0.0060844667,0.0276783584,0.0899546648,0.0546408972,0.0029825817,0.0065616798,0,0,0.0003579098
s07,Case,0.0844177511,0.009676343,0.00333667,0.002335669,0,0.010677344,0.1418084751,0,0.005672339,0.01334668,0.033033033,0,0.031031031,0,0,0.042375709,0.0934267601,0.001668335,0,0.034701368,0,0,0.001668335,0.00667334,0.3813813814,0.002002002,0,0.045712379,0.049382716,0.001001001,0.002335669,0.002335669,0,0
s07,Case,0.0214424951,0.0080138618,0.0005414771,0.0010829543,0.0010829543,0.0120207927,0.446610353,0.0006497726,0.0082304527,0.0024907949,0.056421919,0.0006497726,0.0406107862,0.0068226121,0.0062811349,0.0158111328,0.0507905566,0.0011912497,0,0.0049815898,0.0048732943,0.0005414771,0.0003248863,0.0011912497,0.1829109812,0.0068226121,0.0331384016,0.0653021442,0.0142949968,0.0012995452,0.0019493177,0.0003248863,0,0.0012995452
s07,Case,0.1057239057,0.0074074074,0.0006734007,0.0013468013,0,0,0.1148148148,0,0.0016835017,0.0427609428,0.069023569,0.0006734007,0.0084175084,0.0003367003,0.0063973064,0.0063973064,0.0185185185,0.0016835017,0,0,0.0003367003,0,0,0.0144781145,0.4683501684,0.0060606061,0.0787878788,0.0181818182,0.0148148148,0,0.001010101,0.0117845118,0,0.0003367003
s07,Case,0.2440733869,0.0137085137,0.0023706452,0.0010307153,0.0027829314,0.0068027211,0.2808699237,0,0.0080395795,0.0120593692,0.0146361575,0.0051535766,0.0518449804,0.0061842919,0.0018552876,0.0126777984,0.0505050505,0.0061842919,0.0004122861,0.0144300144,0.0006184292,0,0.0013399299,0.0069057926,0.0891568749,0.0095856524,0.0095856524,0.0612244898,0.0237064523,0.0014430014,0.0174190888,0.0375180375,0,0.0058750773
s07,Case,0.0739580824,0.0204769935,0.0021681523,0.0019272464,0,0.0043363045,0.1980245724,0,0.0021681523,0.0045772103,0.0575764876,0.0014454348,0.0527583715,0.0009636232,0.0009636232,0.0250542038,0.0898578656,0.0028908697,0,0.0009636232,0,0.0009636232,0.0009636232,0,0.2955914238,0.0069862684,0,0.1011804384,0.0534810889,0.0007227174,0,0,0,0
s07,Case,0.1449856734,0.0404011461,0.0048710602,0.0025787966,0,0.0063037249,0.1031518625,0.0017191977,0.0040114613,0.0925501433,0.0074498567,0.0022922636,0.0243553009,0.0037249284,0.0008595989,0.0071633238,0.08252149,0.0014326648,0,0.0243553009,0.0088825215,0.0011461318,0.0011461318,0.0088825215,0.1518624642,0.0028653295,0.0965616046,0.0449856734,0.0759312321,0.0014326648,0.0383954155,0.000286533,0,0.0128939828
s07,Case,0.0478995902,0.0043545082,0.0025614754,0.0007684426,0,0.0017930328,0.2743340164,0.0002561475,0.0025614754,0.0038422131,0.0348360656,0.0017930328,0.0030737705,0.0010245902,0.0002561475,0.012807377,0.056352459,0.0020491803,0.0005122951,0.0125512295,0.0010245902,0,0,0.0133196721,0.1913422131,0.009477459,0.2072233607,0.0299692623,0.0271516393,0.0007684426,0.0443135246,0.0030737705,0,0.0087090164
s07,Case,0.0366914771,0.0038788133,0.0003144984,0.000524164,0.0016773247,0.0227487158,0.5360100639,0,0.0037739805,0.0011531607,0.0164587483,0.001991823,0.0331271622,0.0009434951,0,0.0225390502,0.0315546703,0.0031449838,0.0004193312,0.0069189643,0,0,0,0.0094349513,0.1158402348,0.0085962889,0.0856483908,0.0073382954,0.0091204529,0.0008386623,0.000524164,0.0356431492,0,0.0031449838
s07,Case,0.0436730123,0.0100783875,0.0019036954,0.0011198208,0.0025755879,0.0041433371,0.5681970885,0,0.0036954087,0.0004479283,0.0331466965,0.0014557671,0.031131019,0.0062709966,0.0010078387,0.0144456887,0.0017917133,0.0050391937,0.0003359462,0.0116461366,0,0,0.0011198208,0.0068309071,0.1395296753,0.0096304591,0.0155655095,0.0384098544,0.0184770437,0.0017917133,0.0007838746,0.0127659574,0,0.0129899216
s07,Case,0.1032169917,0.002856788,0.0008694572,0.0006210409,0.0006210409,0.0011178736,0.6323438082,0,0.0011178736,0.0103092784,0.0037262452,0.0011178736,0.0233511365,0.0004968327,0.0002484163,0.0170165197,0.0091914048,0.0023599553,0.0003726245,0.0099366538,0.002856788,0,0.0001242082,0.0024841635,0.0816047696,0.01291765,0.0295615451,0.015774438,0.0109303192,0.0002484163,0.0188796423,0.0003726245,0,0.0033536207
s08,Case,0.1462734742,0.0092429577,0.0026408451,0.0023474178,0.0098298122,0.1508215962,0.16842723,0.0011737089,0,0.023620892,0.0093896714,0,0.0001467136,0,0.0711561033,0.0112969484,0.2877053991,0,0.0002934272,0,0,0,0.0011737089,0.0014671362,0.0004401408,0.0051349765,0.0514964789,0.0246478873,0.0136443662,0.0011737089,0.0001467136,0,0,0.0063086854
s08,Case,0.0055066079,0.0015733166,0.0003146633,0.0006293266,0.0018879799,0.018722467,0.2081497797,0.0003146633,0,0.2303335431,0.0295783512,0,0,0,0.0868470736,0.0047199497,0.0931403398,0,0,0,0.0114852108,0,0,0,0.2035871617,0.0036186281,0.0247010699,0.0029893014,0.0001573317,0.0001573317,0.0712712398,0,0,0.0003146633
s08,Case,0.0493186243,0.0157040883,0.0011680727,0.0028552888,0.0162232317,0.0968202466,0.1779364049,0.000908501,0.0005191434,0.0641142116,0.0121998702,0,0,0,0.0759247242,0.0042829332,0.1249837768,0,0,0,0.1695003245,0,0.0024659312,0,0.01596366,0.003504218,0.0144062297,0.00532122,0.0071382219,0.0006489293,0.1379623621,0,0,0.0001297859
s08,Case,0.0624383832,0.0180742688,0.0016431153,0.0019717384,0.0128162997,0.0131449228,0.3690437069,0.0023003615,0,0.0722970753,0.0059152152,0,0,0,0.0545514295,0.0065724614,0.2760433782,0,0.0003286231,0,0,0,0.0029576076,0.0006572461,0,0.0151166612,0.0177456457,0.0167597765,0.0115018074,0.0016431153,0.0230036149,0,0,0.0134735458
s08,Case,0.0177243235,0.0026902991,0.0018990347,0.0007912644,0.0037980693,0.0305428074,0.1892704542,0.0004747587,0.0007912644,0.0672574774,0.0417787625,0,0,0,0.0526982117,0.0012660231,0.0952682386,0,0,0,0.0275360025,0.0004747587,0.0006330116,0.0001582529,0.4350371894,0.0036398164,0.0074378857,0.001424276,0.0060136097,0.0004747587,0.0074378857,0,0,0.0034815635
s08,Case,0.0976272862,0.0239742956,0.0014829461,0.0032130499,0.0257043994,0.0098863075,0.3440434998,0,0.0004943154,0.1463173505,0.0054374691,0,0,0,0.0472071181,0.0281759763,0.1495304004,0,0,0,0,0,0.0007414731,0,0.0009886307,0.0074147306,0.0056846268,0.0116164113,0.0160652496,0.0017301038,0.0719228868,0,0,0.0007414731
s08,Case,0.0044348296,0.0076798269,0.0001081666,0.0003244997,0.0008653326,0.0073553272,0.0935640887,0.0008653326,0.0003244997,0.0050838291,0.0071389941,0,0,0,0.1091400757,0.0004326663,0.1045970795,0,0,0,0.4533261222,0,0.0002163332,0,0.0004326663,0.0021633315,0.0005408329,0.0147106544,0.0025959978,0.0004326663,0.1822606814,0,0,0.0014061655
s08,Case,0.0179510987,0.0037140204,0.0015475085,0.0037140204,0.0003095017,0.0504487775,0.0792324358,0.0015475085,0,0.0275456515,0.0625193439,0,0,0,0.0702568864,0.0015475085,0.3324048282,0,0,0,0,0,0,0.0009285051,0.324357784,0.0055710306,0.0003095017,0.0074280409,0.0006190034,0,0,0,0,0.0080470443
s08,Case,0.1218851571,0.0205850488,0.0046045504,0.0062296858,0.0278981582,0.0338569881,0.1652221018,0.0002708559,0.0002708559,0.2231852654,0.0108342362,0,0,0,0.0782773564,0.0021668472,0.1963705309,0,0,0,0,0,0.0094799567,0.0013542795,0,0.0043336945,0.0165222102,0.0300650054,0.0243770314,0.0046045504,0.0021668472,0,0,0.0154387866
s08,Case,0.0216998192,0.0067811935,0.0013562387,0,0.0027124774,0.0009041591,0.2038878843,0.0013562387,0,0.1464737794,0.0257685353,0,0,0,0.2002712477,0.0040687161,0.1410488246,0,0,0,0.0931283906,0,0,0.0013562387,0,0.0113019892,0,0.0027124774,0.0004520796,0,0.116636528,0,0,0.0180831826
s08,Case,0.0137703426,0.0009104359,0.0001138045,0.000227609,0.0004552179,0.0271992717,0.1832252191,0.0007966314,0,0.2155456925,0.003527939,0,0,0,0.0757937863,0.0042107659,0.2287470126,0,0.0004552179,0,0.099009901,0,0.000227609,0.0001138045,0.0081939228,0.0083077273,0.014111756,0.0130875156,0.0027313076,0.0001138045,0.0983270741,0,0,0.0007966314
s08,Case,0.0711038961,0.0048701299,0.0010822511,0.0034632035,0.0028138528,0.0840909091,0.0724025974,0.0007575758,0,0.4331168831,0.0170995671,0,0,0,0.0230519481,0.0003246753,0.1366883117,0,0,0,0,0.0506493506,0.0005411255,0.0015151515,0.0050865801,0.0021645022,0.049025974,0.0233766234,0.0028138528,0.0001082251,0.0022727273,0,0,0.0115800866
s09,Case,0.0825304136,0.0120681265,0.0008759124,0.0005839416,0.0006812652,0.0020437956,0.458296837,0.0060340633,0.000486618,0.1040389294,0.0005839416,0,0.0175182482,0,0.00243309,0.0020437956,0.1621411192,0.000486618,0.000486618,0,0.000973236,0.0002919708,0.0013625304,0.0010705596,0.0548905109,0.0135279805,0.0072019465,0.0588807786,0.0051581509,0,0.0016545012,0,0,0.0016545012
s09,Case,0.0760706453,0.0117742122,0.0009234676,0.0008080342,0.0005194505,0.0016737851,0.4201200508,0.0002308669,0.0050790719,0.0598522452,0.0055408057,0,0.0110816115,0.0002885836,0.0047904883,0.0047904883,0.0552926238,0.0056562392,0.0005771673,0,0.0001154335,0,0.0010389011,0.0003463004,0.2342721921,0.0194505368,0.0052522221,0.0349186194,0.0372272885,0,0.0020200854,0,0,0.0002885836
s09,Case,0.0332089268,0.0073882245,0.0006855054,0.0003808363,0.0001523345,0.0009140072,0.4388757712,0.0015233453,0.0006855054,0.115698073,0.0012186762,0,0.0017518471,0,0.0004570036,0.0030466905,0.1748800366,7.61672633102293e-05,0.0003046691,0,0.0002285018,0.0001523345,0.0009140072,0.0021326834,0.1661208013,0.0143956128,0.0022850179,0.0151572854,0.0149287836,0,0.0015995125,0,0.0002285018,0.0006093381
s09,Case,0,0.0043533466,0.0001813894,0.0003627789,0,0.0010883367,0.4039542899,0.0005441683,0,0.4092145837,0,0,0,0,0,0.0023580628,0.047886813,0,0.0001813894,0.0001813894,0,0,0,0.0076183566,0.0371848358,0.027027027,0.0359151097,0.0103391983,0,0,0.0070741883,0,0.0010883367,0.0034463994
s09,Case,0.0115618264,0.0150891632,0.0003919263,0,0,0.0005878895,0.3331373702,0.0005878895,0,0.1026846953,0.0072506369,0,0.0001959632,0,0.0019596316,0.0033313737,0.1704879483,0,0,0.0003919263,0.0082304527,0,0,0.0027434842,0.2864981383,0.0109739369,0.0101900843,0.0186165001,0,0,0.0131295316,0,0,0.0019596316
s09,Case,0.0034977025,0.0033605377,0.000342912,0.000342912,0,6.85824017557095e-05,0.3867361635,0.0027432961,0,0.0352513545,0.0113160963,0,0,6.85824017557095e-05,0.0056923393,0,0.1859268912,0.000342912,0.0008915712,0,0.0556889102,0.0002057472,0,0.0004800768,0.250600096,0.0156367876,0.0002743296,0.0098072835,0,0,0.0297647624,0,0,0.0009601536
s09,Case,0.0159083324,0.0096784959,0.0008899766,0.0007787296,0.0004449883,0.0022249416,0.5066192012,0.0010012237,0.0011124708,0.0323729002,0.0001112471,0,0.0099009901,0,0.0065635777,0.011124708,0.1716542441,0.0011124708,0.0003337412,0.0002224942,0.0115696963,0,0.0003337412,0.0012237179,0.1378351318,0.0193569919,0.0007787296,0.0157970853,0.0051173657,0,0.0354878184,0,0,0.0004449883
s09,Case,0.2389040218,0.0135394969,0.0008011537,0.0004005768,0.0004005768,0.0023233456,0.1113603589,0.0001602307,0.0007210383,0.0215510335,0.0056080756,0,0.0132190354,0,0.0012017305,0.0026438071,0.0962185547,0.0020028842,0.0002403461,0,0.0004806922,0,0.0011216151,0.0001602307,0.3559525717,0.0034449607,0.0025636917,0.0280403781,0.0866047108,0,0.0102547669,0,0,8.01153661272232e-05
s09,Case,0.1218223583,0.0174578867,0.0009188361,0.0008422665,0.0011485452,0.0039050536,0.1397396631,0.002143951,0.0048238897,0.0756508423,0.0071209801,0,0.0185298622,0.000229709,0,0.0189892802,0.1145482389,0.0008422665,0.000229709,0,7.65696784073507e-05,0.0006891271,0.0042113323,0.0003828484,0.3107963247,0.0065849923,0.0032924962,0.0339203675,0.1087289433,0,0.0016845329,0,0,0.0006891271
s09,Case,0.0160849772,0.0144157815,0.0018209408,0.0007587253,0.0007587253,0.002276176,0.17784522,0.0001517451,0.0001517451,0.0971168437,0.0007587253,0,0.0062215478,0,0.0024279211,0.0019726859,0.0758725341,0,0,0,0.0012139605,0,0,0.0001517451,0.5761760243,0.0013657056,0.0010622155,0.0118361153,0.0075872534,0,0.0016691958,0,0,0.0003034901
s09,Case,0.1123256691,0.0168865435,0.0012061817,0.0006784772,0.0005277045,0.0003769318,0.1190350547,0.0012061817,0,0.1168488504,0.0039954768,0,0.0072370901,0,0.0051262721,0.0137203166,0.1281568036,0.0006784772,0.0003015454,0,0.0012061817,0.0002261591,0.003618545,0.0017338862,0.3444402563,0.0036939314,0.0039954768,0.0256313607,0.0664907652,0,0.0200527704,0,0.0001507727,0.0004523181
s09,Case,0.0162309793,0.0053843153,0.0003901678,0.0003121342,0,0.0007803355,0.5001170503,0.0003901678,7.80335544284042e-05,0.0492391728,0.0101443621,0,0.0007803355,0,0.0035895435,7.80335544284042e-05,0.1761997659,0.0015606711,0.0010144362,7.80335544284042e-05,0.0083495903,0,0.0001560671,0.0002341007,0.1538041358,0.0230979321,0.0026531409,0.015762778,0.002106906,0,0.0265314085,0,0,0.0009364027
s10,Case,0.0845844787,0.0285472616,0.001057306,0.003171918,0.0042292239,0.0416578558,0.0900824699,0.0131105942,0.0006343836,0.0831042504,0.0027489956,0.0023260732,0.0173398181,0.002114612,0.0093042927,0.0401776274,0.2474096003,0.002114612,0.0008458448,0.0164939734,0.0090928315,0.0006343836,0.0016916896,0.001057306,0,0.0338337915,0.0380630154,0.0524423768,0.0260097272,0.0002114612,0.1397758511,0,0,0.0061323747
s10,Case,0.2589928058,0.031009675,0.0022326966,0.0032250062,0.0052096254,0.0461423964,0.0945174895,0.0002480774,0.0022326966,0.1334656413,0.004961548,0.0042173158,0.0014884644,0,0,0.018605805,0.2567601092,0,0.0002480774,0.0064500124,0,0,0.0009923096,0,0.0002480774,0.0114115604,0.0176134954,0.0501116348,0.0017365418,0.0007442322,0.0429173902,0,0,0.0042173158
s10,Case,0.1843062532,0.0235579421,0.0027715226,0.0107396501,0.0258098043,0.0174952364,0.067036203,0.0031179629,0.0017322016,0.3204573012,0.0013857613,0.0043305041,0.0197470986,0.002078642,0.0032911831,0.0067555864,0.0561233328,0.0006928807,0.001039321,0,0.0051966049,0.0005196605,0.001039321,0.0003464403,0.0005196605,0.0197470986,0.0057162654,0.1494890005,0.0105664299,0.0036376234,0.0459033431,0,0,0.0048501646
s10,Case,0.074704407,0.0139734862,0.0014331781,0.0069867431,0.0016123253,0.0603726263,0.0707631673,0.0035829452,0.0010748836,0.4471515586,0.0039412397,0.0046578287,0.0053744178,0,0,0,0.1277319957,0.0001791473,0.0003582945,0.0069867431,0,0.0010748836,0.0008957363,0.0003582945,0.0044786815,0.0198853458,0.0003582945,0.0822285919,0,0.0075241849,0.044249373,0,0,0.0080616267
s10,Case,0.031765575,0.0470327506,0.0024624477,0.0098497907,0.0054173849,0.0948042354,0.0970204383,0.0066486087,0.0007387343,0.3814331445,0.0007387343,0.0004924895,0.0076335878,0.0019699581,0.0012312238,0.0046786506,0.0790445703,0,0.0007387343,0.0288106378,0.0022162029,0,0,0,0,0.0164983994,0.0071410983,0.0221620291,0.0019699581,0.0044324058,0.1430682098,0,0,0
s10,Case,0.0878010878,0.0621600622,0.0031080031,0.0073815074,0.0050505051,0.0337995338,0.1522921523,0.0031080031,0.0011655012,0.0714840715,0.0066045066,0.0023310023,0.0023310023,0,0,0.0147630148,0.2944832945,0.0003885004,0.0027195027,0.0233100233,0.0011655012,0,0.0011655012,0.0027195027,0.0019425019,0.0411810412,0.0365190365,0.0905205905,0,0.0050505051,0.0104895105,0,0,0.034965035
s10,Case,0.0838136407,0.0357829011,0.0016810759,0.0096061479,0.0088856868,0.0511527378,0.1013448607,0.0064841499,0.0009606148,0.2082132565,0.0091258405,0.0033621518,0.0156099904,0.0021613833,0.0012007685,0.0365033622,0.0965417867,0.0036023055,0.0012007685,0.0038424592,0.002401537,0.0007204611,0.0004803074,0,0.0040826129,0.0694044188,0.0566762728,0.141690682,0.0333813641,0.0031219981,0.0064841499,0,0,0.0004803074
s10,Case,0.0801635992,0.0122699387,0.0016359918,0.000408998,0,0.0028629857,0.145194274,0.0020449898,0,0.0957055215,0.0163599182,0,0,0,0.0077709611,0,0.390593047,0,0,0.0760736196,0.0053169734,0,0,0.000408998,0.0130879346,0.0044989775,0.0036809816,0.0192229039,0,0,0.1161554192,0,0,0.0065439673
s10,Case,0.1329292929,0.0311111111,0.0026262626,0.0086868687,0.0098989899,0.0476767677,0.0850505051,0.0181818182,0.0028282828,0.0062626263,0,0.002020202,0.0103030303,0.0018181818,0.0074747475,0.0521212121,0.3105050505,0.0006060606,0.0018181818,0.0416161616,0.0080808081,0.0004040404,0.0032323232,0.0038383838,0,0.0270707071,0.0597979798,0.0842424242,0.018989899,0.0004040404,0.0103030303,0,0,0.0101010101
s10,Case,0.2066569129,0.0336503292,0.00329188,0.0062179956,0.0157278713,0.0610826628,0.1393562546,0,0.0010972933,0.1733723482,0.0124359912,0.0029261156,0.0058522312,0,0.0007315289,0.0014630578,0.1682516459,0.0003657644,0,0.0175566935,0.0058522312,0,0.0007315289,0.0003657644,0.0036576445,0.0149963424,0.0003657644,0.0581565472,0,0.0029261156,0.0592538405,0,0,0.0036576445
s10,Case,0.0809203318,0.0230082955,0.0006260761,0.0020347472,0.0040694944,0.0397558303,0.064329316,0.0159649397,0.000156519,0.3523243074,0.0067303177,0.0020347472,0.0104867741,0.0010956331,0.000313038,0.0148693066,0.2598215683,0.0004695571,0.0018782282,0.000313038,0,0.0026608233,0.0009391141,0.0017217092,0.0034434184,0.0153388637,0.018469244,0.0535295038,0.0156519017,0.0006260761,0,0,0,0.0064172797
s10,Case,0.0278657378,0.0405319823,0.0012666244,0.0050664978,0,0.0094996833,0.2406586447,0.0075997467,0.0006333122,0.0886637112,0.0082330589,0,0,0,0.0189993667,0.0044331856,0.2767574414,0,0.0006333122,0.0975300823,0.0088663711,0,0,0,0.0006333122,0.0405319823,0.0069664345,0.0747308423,0,0,0.0386320456,0,0,0.0012666244
s11,Control,0.0001387347,0.0081853496,0,0.0015260821,0.0001387347,0,0.6227802442,0.0023584906,0.0006936737,0.0753329634,0,0,0.0004162042,0,0.0001387347,0.0002774695,0.1201442841,0,0,0,0.0056881243,0.0001387347,0.0002774695,0,0.0932297447,0.0055493896,0.018590455,0.0303829079,0.0013873474,0.0002774695,0.012208657,0,0,0.0001387347
s11,Control,0.0015254635,0.0246421028,0.0001173433,0.0009387468,0.0051631073,0.0014081202,0.2784557616,0.0134944849,0.0068059141,0.0627786904,0.0076273175,0.0017601502,0.0212391457,0.0015254635,0.0002346867,0.0038723304,0.2175545647,0.0017601502,0.0005867167,0,0.0039896738,0.0002346867,0.0002346867,0.0093874677,0.093757334,0.0159586951,0.032152077,0.1142924196,0.0254635062,0.008800751,0.0278103732,0.0161933818,0,0.0002346867
s11,Control,0.0024280264,0.0013874436,0,0.0017343045,0.0027748873,0.0048560527,0.144640999,0.0110995491,0.0031217482,0.1942421089,0.0166493236,0,0.0117932709,0,0.0003468609,0.0225459591,0.1612903226,0.0003468609,0.0010405827,0,0.0006937218,0.0006937218,0.0006937218,0.0003468609,0.3433922997,0.0079778009,0.0145681582,0.0263614291,0.0083246618,0.0142212973,0.0024280264,0,0,0
s11,Control,0.0009789525,0.0606950563,0,0.000652635,0.0047316039,0.0062000326,0.1527165932,0.0034263338,0.0039158101,0.0897373144,0.001957905,0.0050579214,0.0190895742,0,0.000652635,0.0021210638,0.306412139,0.0016315875,0.0001631588,0,0,0.0003263175,0.0008157938,0,0.2150432371,0.0057105564,0.0443791809,0.0243106543,0.0052210801,0,0.0385054658,0.0055473976,0,0
s11,Control,0.0014448257,0.0043344772,0,0.0003612064,0.0003612064,0.002528445,0.1163084703,0.0084883511,0.0030702547,0.0969839263,0.007585335,0,0.0021672386,0,0.0003612064,0.0019866354,0.4518692433,0,0.0005418096,0,0.0009030161,0.0001806032,0.0016254289,0.0019866354,0.1834928662,0.0066823189,0.016796099,0.0583348384,0.0014448257,0.0242008308,0.0057793029,0,0,0.0001806032
s11,Control,0.0020933383,0.0426055904,0,0.0006156877,0.0004925502,0.0018470632,0.3414604113,0,0.0016007881,0.0660017239,0.0131757173,0,0.0066494274,0,0.0011082379,0.0156384682,0.2572343307,0.0014776505,0.0008619628,0,0.0002462751,0.0001231375,0.0001231375,0,0.1791651274,0.0049255018,0.0162541559,0.0232729959,0.005418052,0.0004925502,0.0171161187,0,0,0
s11,Control,0.006798971,0.0784638001,0,0.0014700478,0.0069827269,0.0119441382,0.2714075707,0.0009187799,0.0029400956,0.1021683205,0.0281146637,0.0058801911,0.0139654539,0.0025725836,0.000183756,0.0049614112,0.1539875046,0.0080852628,0,0,0,0.0005512679,0.0044101433,0.0047776553,0.0720323411,0.0169055494,0.0711135612,0.0477765527,0.012862918,0.0020213157,0.0277471518,0.0387725101,0,0.000183756
s11,Control,0.001514769,0.1613228983,0,0.001514769,0,0.0002524615,0.302196415,0.001009846,0,0.1315324413,0.001009846,0,0.0103509215,0,0.0002524615,0.0002524615,0.1380964403,0.0017672305,0,0,0.0148952285,0,0,0,0.1479424388,0.013632921,0.03029538,0.029285534,0,0,0.012623075,0,0,0.0002524615
s11,Control,0.0104986877,0.009623797,0,0.0011665209,0.0046660834,0,0.1324001167,0.008165646,0.0005832604,0.157480315,0,0,0.0020414115,0.004082823,0,0.0011665209,0.3735783027,0,0.0002916302,0,0,0,0,0.0087489064,0.108194809,0.0067074949,0.0565762613,0.0347039953,0.0650335375,0.0061242345,0.0029163021,0.0049577136,0,0.0002916302
s11,Control,0.0011872639,0.0362655154,0,0.0002158662,0.002590394,0,0.0668105774,0.0035617917,0.0018348624,0.0562331355,0.0076632488,0.0019427955,0.031840259,0.0015110631,0.0006475985,0.022558014,0.304695089,0,0.0004317323,0,0.0023745278,0.0003237992,0.0003237992,0.0001079331,0.2323799244,0.0030221263,0.0210469509,0.0738262277,0.064867782,0.0001079331,0.0213707501,0.0401511063,0,0.0001079331
s11,Control,0.0040733198,0.005431093,0,0.0006788866,0.0106358905,0.0047522064,0.0939126499,0.0126725504,0.0081466395,0.1292147545,0.0377913555,0,0.0160669835,0,0.0002262955,0.0147092102,0.142792487,0,0,0,0.0045259108,0.0006788866,0.0040733198,0.0045259108,0.1464132157,0.0138040281,0.051369088,0.0574790677,0.0411857886,0.0183299389,0.0649468205,0.1111111111,0,0.0004525911
s11,Control,0.0021247827,0.0289743094,0,0.0009658103,0.0009658103,0.0021247827,0.4564419548,0.0056016998,0.0003863241,0.098126328,0.003090593,0.0028974309,0.0027042689,0,0.0001931621,0.0042495654,0.1309638787,0.0027042689,0.0003863241,0,0,0,0,0,0.1709484257,0.0040564033,0.0081128066,0.0548580259,0,0.0007726483,0.018350396,0,0,0
s12,Control,0.0025684932,0.0085616438,0.004109589,0.0003424658,0.0059931507,0.0030821918,0.2196917808,0,0.0049657534,0.0385273973,0.0241438356,0,0.0059931507,0,0.0660958904,0.0073630137,0.1446917808,0,0.0255136986,0,0.0323630137,0.0010273973,0.0034246575,0.0034246575,0.2351027397,0.0042808219,0.0202054795,0.0669520548,0.0217465753,0,0.0484589041,0.0011986301,0,0.0001712329
s12,Control,0.0013226264,0.0068965517,0.0006613132,0.0016060463,0.0038734058,0.0313651393,0.1328294757,9.44733112895607e-05,0.015777043,0.0228625413,0.0254133207,0.0008502598,0.0037789325,0,0.094378838,0.0029286726,0.1133679735,0,0.003023146,0,0.0121870572,0.0006613132,0.0016060463,0.0039678791,0.4429853566,0.0019839395,0.0151157298,0.0106754842,0.0052905054,0,0.0437411431,0.0007557865,0,0
s12,Control,0,0.0289855072,0.0011660836,0,0.0014992504,0.0419790105,0.2175578877,0,0.0011660836,0.002665334,0.0169915042,0.0078294186,0.0006663335,0,0.0548059304,0.0056638347,0.014659337,0,0.0088289189,0.0009995002,0.005330668,0.0008329169,0.0043311677,0.0019990005,0.5145760453,0.0076628352,0.0114942529,0.0294852574,0.0121605864,0,0.006663335,0,0,0
s12,Control,0.0115882754,0.0334014997,0.005226085,0.0004544422,0.0086344013,0.0120427176,0.037037037,0,0.010679391,0.0340831629,0.0006816633,0.0009088843,0.0386275846,0,0.1592819814,0.0095432856,0.092251761,0,0.018404908,0.0129516019,0.0040899796,0,0.0061349693,0.0181776869,0.037037037,0.0265848671,0.1099750057,0.0774823904,0.0329470575,0,0.2013178823,0,0,0.0004544422
s12,Control,0.0019646365,0.0314341847,0.0003929273,0.0129666012,0.0031434185,0.0066797642,0.3618860511,0,0,0.0055009823,0.0027504912,0.0003929273,0.0011787819,0,0.1886051081,0.0223968566,0.0157170923,0,0.0373280943,0,0.0019646365,0.0003929273,0,0.0047151277,0.2251473477,0.0227897839,0,0.0275049116,0.0220039293,0,0.0019646365,0,0,0.0011787819
s12,Control,0.0065186751,0.0095137421,0.0029950669,0.0017618041,0.0017618041,0.0135658915,0.3569415081,0.0019379845,0.0040521494,0.0029950669,0.0167371388,0.0010570825,0.0010570825,0,0.0799859056,0.0132135307,0.0329457364,0,0.0181465821,0.0084566596,0.0033474278,0.0003523608,0.0017618041,0.0095137421,0.2968639887,0.0029950669,0.0533826638,0.0389358703,0.0081042988,0,0.0110993658,0,0,0
s12,Control,0.0006555228,0.0242543428,0.0045886595,0.0072107506,0.0078662734,0.0029498525,0.3864306785,0.0068829892,0.0009832842,0.0380203212,0.013438217,0.0036053753,0.0065552278,0,0.139626352,0.0088495575,0.0694854146,0,0.0101606031,0,0.0275319567,0.0072107506,0.0036053753,0.0088495575,0.1363487381,0.013438217,0,0.0465421173,0.0095050803,0,0.0154047853,0,0,0
s12,Control,0.0170183799,0.0374404357,0.0054458816,0.0020422056,0.0095302927,0.0626276378,0.2583390061,0.0085091899,0.0088495575,0,0.0816882233,0.0061266167,0.0173587474,0,0.1184479238,0,0.0837304289,0,0.0163376447,0,0.0136147039,0.0102110279,0,0.0122532335,0.0759019741,0.0156569095,0.0483321988,0.0786249149,0.0115724983,0,0.0003403676,0,0,0
s12,Control,0.0103871577,0.0582310356,0.0011016682,0.0040919106,0.0028328612,0.0706641486,0.1512433113,0.00535096,0.0004721435,0.0146364495,0.0141643059,0.0023607177,0.0132200189,0,0.1131570664,0.0012590494,0.1181932641,0,0.0313188543,0.0081838212,0.0160528801,0,0,0.0072395342,0.2463015423,0.0502045955,0.0088133459,0.0322631413,0.0111740636,0,0.0012590494,0,0,0.0058231036
s12,Control,0.0050048434,0.042298999,0.0001614466,0.0043590572,0.0024216984,0.009202454,0.3093316112,0.0138844043,0.0012915725,0.0096867937,0.0058120762,0.0064578624,0.0113012593,0,0.1459476913,0.0121084921,0.029060381,0,0.0324507588,0.0006457862,0,0.0001614466,0,0.0016144656,0.2382951243,0.0277688085,0.0072650953,0.0248627704,0.0122699387,0,0.0463351631,0,0,0
s12,Control,0.0064196625,0.00513573,0.0031181218,0.0003668379,0.0042186354,0.0234776229,0.4779897285,0.0042186354,0.0040352164,0.01540719,0.0044020543,0.0036683786,0.0148569332,0,0.059244314,0.0075201761,0.01540719,0,0.0100880411,0,0,0.0075201761,0.0023844461,0.0108217168,0.0871239912,0.0150403522,0.072083639,0.0240278797,0.0084372707,0,0.1129860602,0,0,0
s12,Control,0.0040823901,0.0328446836,0.0035257005,0.0031545741,0.0048246428,0.0128038597,0.4427537577,0,0.0254221562,0.0057524587,0.0350714418,0.0003711264,0.0137316756,0,0.0430506587,0.0011133791,0.0911115235,0,0.0038968269,0,0.0183707552,0,0.0040823901,0.0059380219,0.1187604379,0.0133605493,0.0445351642,0.0450918538,0.0243087771,0,0.0007422527,0.0012989423,0,0
s13,Control,0.0050167224,0.0035302861,0.0003716091,0.0120772947,0.0152359718,0.0115198811,0.3010033445,0.0053883315,0.0007432181,0.1341508733,0.0137495355,0.0066889632,0.0156075808,0.0042735043,0,0.0011148272,0.1655518395,0.0031586771,0.0016722408,0.0007432181,0,0.0211817168,0.0005574136,0.0001858045,0.1033073207,0.0044593088,0.0858416945,0.0401337793,0.0131921219,0.0024154589,0.0206243032,0,0,0.0065031587
s13,Control,0.0030092157,0.0174910664,0,0.0045138236,0.010532255,0.0024449878,0.5311265751,0.0161745345,0.0007523039,0.1051344743,0.0015046079,0.0026330638,0.0095918751,0,0.000376152,0.0063945834,0.0716569494,0.0050780515,0.0067707354,0.000376152,0.0829415084,0,0,0.0013165319,0.0065826594,0.0507805153,0.0242618018,0.0120368629,0.0031972917,0.0005642279,0.0077111153,0,0,0.0150460786
s13,Control,0.0020540911,0.0195138651,0.0003423485,0.0003423485,0.0309825402,0.0020540911,0.1672372475,0.0020540911,0.0010270455,0.3810338925,0.0058199247,0.0011982198,0.0085587128,0,0.000684697,0.0083875385,0.0186579938,0.0027387881,0.0005135228,0.0027387881,0.0001711743,0.0124957206,0.0010270455,0.0001711743,0.0778842862,0.0186579938,0.1064703869,0.0270455324,0.0273878809,0.0005135228,0.0602533379,0,0,0.0119821979
s13,Control,0.0068095001,0.0029895366,0.0003321707,0.0036538781,0.0220893539,0.009466866,0.4989204451,0.0086364391,0.0006643415,0.2341803687,0.0073077562,0,0.0164424514,0,0.0001660854,0,0.0157781099,0.0001660854,0.0013286829,0.0011625976,0,0.019431988,0.0006643415,0.0028234513,0.0509882079,0.0088025245,0.0436804518,0.011293805,0.0156120246,0.0023251952,0.0114598904,0,0.0001660854,0.0026573659
s13,Control,0.0255102041,0.0221088435,0,0.0138888889,0.0218253968,0.0005668934,0.3358843537,0.0014172336,0.0002834467,0.2057823129,0.0102040816,0.0104875283,0.0002834467,0.0051020408,0,0.0121882086,0.0450680272,0.0042517007,0.0005668934,0.0011337868,0.0243764172,0.0107709751,0.0002834467,0.0042517007,0.0133219955,0.0348639456,0.0904195011,0.0085034014,0.0042517007,0.0022675737,0.0626417234,0,0,0.0274943311
s13,Control,0.0125955915,0.0035987404,0.0004498426,0.0071974809,0.0031488979,0.0197930724,0.342780027,0.0049482681,0.0008996851,0.1664417454,0.0148448043,0,0.0139451192,0.0152946469,0.0035987404,0.0085470085,0.1457489879,0.0013495277,0.0062977958,0.0031488979,0.0022492128,0.0310391363,0,0.0031488979,0.0332883491,0.0022492128,0.069725596,0.0503823662,0.020242915,0.0008996851,0.0062977958,0,0,0.0058479532
s13,Control,0,0.0085324232,0,0.0034129693,0,0.0059726962,0.8558020478,0,0,0.0085324232,0.0012798635,0,0,0,0,0,0.0537542662,0.0076791809,0.0085324232,0,0,0,0,0,0.0153583618,0.0089590444,0,0,0,0,0.0093856655,0,0,0.0127986348
s13,Control,0.0037484382,0.0068721366,0.0002082466,0.0035401916,0.003331945,0.0049979175,0.2242815494,0.0024989588,0.0008329863,0.3411078717,0.0060391504,0.0037484382,0.0154102457,0.0095793419,0.0008329863,0.0024989588,0.0868388172,0.0004164931,0.0045814244,0.0006247397,0.0110370679,0,0,0.0037484382,0.0785089546,0.0281132861,0.0762182424,0.0295710121,0.0079133694,0.0035401916,0.0283215327,0,0,0.0110370679
s13,Control,0.0026323486,0.01930389,0.0011699327,0.0002924832,0.0038022814,0.0233986546,0.144486692,0.0248610705,0.0011699327,0.0725358292,0.0014624159,0.0081895291,0.1357121965,0,0.0002924832,0,0.1868967534,0.0099444282,0,0.0008774495,0.0014624159,0,0,0.0002924832,0.078677976,0.0374378473,0.1556010529,0.0403626791,0.0345130155,0.0002924832,0.0026323486,0,0,0.0116993273
s13,Control,0.0185731132,0.0339033019,0.0002948113,0.0144457547,0.0135613208,0.0141509434,0.4716981132,0.0120872642,0.0005896226,0.0869693396,0.0333136792,0,0.0094339623,0.0144457547,0.000884434,0.0088443396,0.085495283,0.0029481132,0.0041273585,0.0029481132,0,0,0.0002948113,0.0011792453,0.0421580189,0.0374410377,0.0206367925,0.0088443396,0.0259433962,0.0032429245,0.0176886792,0,0,0.0138561321
s13,Control,0.0065521516,0.00991677,0,0.007968833,0.0154064105,0.0320524172,0.0989906145,0.0031875332,0.0005312555,0.0664069417,0.0060208961,0.0007083407,0.0038958739,0,0,0.0097396848,0.2201168762,0.0017708518,0.0051354702,0.0015937666,0.3603683372,0,0,0,0.0320524172,0.0116876217,0.0212502214,0.0371878874,0.0035417036,0.0070834071,0.0255002656,0,0,0.0113334514
s13,Control,0.0028766631,0.0230133046,0.0007191658,0.006112909,0.0104279036,0.0195972672,0.088277598,0.006112909,0.0014383315,0.1411362819,0.0079108234,0.0161812298,0.1335850414,0,0.0010787487,0.0017979144,0.1039194534,0.0062927005,0.0034160374,0.0001797914,0.1632506293,0,0,0.0012585401,0.0366774542,0.0720963682,0.0435095289,0.0803667745,0.0057533261,0.001618123,0.0050341604,0,0,0.0163610212
s14,Control,0.0312041116,0.009422418,0.0003671072,0.001835536,0,0.0050171317,0.1117229564,0.0002447381,0.0017131669,0.5084434655,0,0.0008565835,0.0084434655,0,0.0178658835,0.0077092511,0.0242290749,0.0012236907,0.0002447381,0.0009789525,0.022515908,0.0004894763,0.0007342144,0.0033039648,0.1741311796,0.016886931,0.0004894763,0.016886931,0.0041605482,0.0009789525,0.0183553598,0,0,0.0095447871
s14,Control,0.1129132876,0.0176751923,0.0004158869,0,0.0004158869,0.0243293824,0.0024953213,0.0039509253,0.0062383032,0.1767519235,0,0.0062383032,0.024121439,0,0.0089415679,0.0095653982,0.13724267,0.0041588688,0.0002079434,0.0029112082,0.0004158869,0.0006238303,0.0014556041,0.001871491,0.3663963402,0.0237055521,0.0002079434,0.0368059888,0.005198586,0.0016635475,0.0218340611,0,0,0.0012476606
s14,Control,0.0926651005,0.0016966849,0.0010441138,0.0139650222,0.0006525711,0.0002610285,0.0503784913,0.0010441138,0.0001305142,0.020229705,0.0003915427,0,0.0104411381,0.0001305142,0.0019577134,0.0107021665,0.196293396,0.0003915427,0.0001305142,0.0003915427,0.0395458105,0,0.0003915427,0.0075698251,0.4605847037,0.0173583921,0.0001305142,0.0301487862,0.0018271992,0.002871313,0.0263638737,0.0002610285,0,0.0100495954
s14,Control,0.0994139807,0.018417748,0.001046463,0,0.001046463,0.0081624111,0.0073252407,0.0039765592,0,0.1802009209,0,0.0014650481,0.0906236919,0,0.0443700293,0.0406027627,0.0274173294,0.0014650481,0.001046463,0,0.0008371704,0.0002092926,0.0018836333,0.0018836333,0.3987023859,0.0056509,0,0.0341146923,0.0150690666,0,0.0140226036,0,0,0.001046463
s14,Control,0.0317164179,0.0348258706,0,0,0.0006218905,0.0267412935,0,0,0.0021766169,0.2957089552,0,0.0090174129,0.0127487562,0,0.0615671642,0.0199004975,0.0292288557,0.0021766169,0,0,0.0149253731,0.0027985075,0.0037313433,0.0015547264,0.4101368159,0.0049751244,0,0.0127487562,0.0217661692,0.0003109453,0,0,0,0.0006218905
s14,Control,0.1366084895,0.0642102995,0.0004309416,0.0053867701,0,0.0407239819,0.0213316096,0.0015082956,0.0002154708,0.025210084,0,0.0135746606,0.079077785,0,0.02413273,0.0206851972,0.2570566688,0.0090497738,0.0017237664,0.0025856496,0,0.002154708,0.0028011204,0.0023701788,0.2288299935,0.0079724197,0,0.0215470804,0.0023701788,0.0002154708,0.0200387847,0,0,0.0081878905
s14,Control,0.0289433384,0.0066360388,0.0004083716,0,0.0002552323,0.0098009188,0.0678917815,0.0016845329,5.10464522715671e-05,0.2889739663,0.0001531394,0.0056661562,0.0436957631,0,0.0007656968,0.0086778969,0.1605410924,0.000561511,0,0.0014803471,0.0142930066,0.0001020929,0.0001531394,0.0013782542,0.3197039306,0.0211842777,0.001020929,0.0069423175,0.0035732517,0.001020929,0.0017866258,0.0001020929,0,0.0025523226
s14,Control,0.1595505618,0.0229712859,0.0014981273,0.0009987516,0.0007490637,0.015980025,0.0039950062,0.0104868914,0.0132334582,0.3233458177,0,0.0112359551,0.0104868914,0,0.0199750312,0.0042446941,0.0554307116,0.0012484395,0,0.0024968789,0.0257178527,0.0009987516,0.0014981273,0.0059925094,0.2057428215,0.0167290886,0.0009987516,0.0599250936,0.0132334582,0.0012484395,0,0,0,0.0099875156
s14,Control,0.1664541978,0.0043707886,0.0014569295,0.0018211619,0,0.010562739,0.0954288836,0.0012748133,0.0003642324,0.125478055,0.0109269714,0,0.0171189219,0.0005463486,0,0.0123839009,0.0460753961,0.0010926971,0,0.0016390457,0.01147332,0.0003642324,0.0018211619,0.00382444,0.4470952468,0.0131123657,0.0003642324,0.010562739,0.0052813695,0.0012748133,0,0,0,0.0078309962
s14,Control,0.0604567308,0.0106971154,0.0007211538,0.0001201923,0.0001201923,0.0039663462,0.0138221154,0.0046875,0.0043269231,0.5509615385,0,0,0.0079326923,0,0.0081730769,0.0068509615,0.0271634615,0.0002403846,0,0.0030048077,0.0118990385,0.0001201923,0.0003605769,0.0037259615,0.1628605769,0.0068509615,0.0001201923,0.0262019231,0.0076923077,0.0007211538,0.0746394231,0.0002403846,0,0.0013221154
s14,Control,0.2864367816,0.0252873563,0.0009195402,0.0188505747,0,0.0133333333,0.1448275862,0.0059770115,0,0.0777011494,0,0,0.0303448276,0,0.0740229885,0.0055172414,0.0896551724,0.0009195402,0,0.0027586207,0,0.0004597701,0,0.0110344828,0.1531034483,0.0404597701,0,0.007816092,0.004137931,0.0018390805,0,0,0,0.0045977011
s14,Control,0.0230073952,0.0739523418,0.0032867707,0.0197206245,0,0.0090386196,0.0156121611,0.0098603122,0,0.0254724733,0,0,0,0,0.0509449466,0.0312243221,0.430566968,0.0008216927,0.0016433854,0.0049301561,0.0008216927,0,0.0032867707,0.0147904684,0.2111750205,0.0484798685,0,0.0049301561,0.0106820049,0,0,0,0,0.0057518488
s15,Control,0.014833885,0.0143435086,0.0014711291,0.0023292877,0,0.0034326345,0.334191492,0.0028196641,0.0023292877,0.0106656859,0.022925095,0,0.0426627437,0,0,0.0166727964,0.057987005,0.0069878632,0.0066200809,0,0.0004903764,0,0.0019615055,0,0.1140125046,0.0099301214,0.0246414123,0.2733848229,0.0181439255,0.0014711291,0.0091945568,0.0018389114,0,0.0046585755
s15,Control,0.0070254958,0.0046458924,0.0015864023,0,0,0.0028328612,0.4103116147,0.0056657224,0.0021529745,0.0092917847,0.0002266289,0.0026062323,0,0,0.0041926346,0.0055524079,0.1085552408,0.0031728045,0.0063456091,0,0.0013597734,0.0004532578,0.00101983,0,0.3733711048,0.0027195467,0.0084985836,0.0188101983,0.0070254958,0,0.0090651558,0,0.0019263456,0.0015864023
s15,Control,0.0069320215,0.0002236136,0.0029069767,0.0055903399,0,0.0035778175,0.4080948122,0,0.001118068,0.0205724508,0.0029069767,0,0,0,0,0,0.1466905188,0.0031305903,0.0020125224,0,0.0002236136,0,0.0004472272,0,0.3492844365,0.0020125224,0.011627907,0.0228085868,0.0004472272,0,0.0026833631,0,0.0044722719,0.002236136
s15,Control,0.0055152258,0.0061751673,0.0016498539,0.0006599415,0,0.0010841897,0.0959272179,0,0.0004242481,0.008296408,0.0029225983,0,0.001932686,0,0,0.0012256057,0.0257848591,0.0017441312,0.0013670218,0,0.0005185255,0.000141416,0.0005656642,0.000141416,0.7458753653,0.0021212407,0.0594890167,0.0272932969,0.0008484963,9.42773640049024e-05,0.002969737,0.0007542189,0.0025454888,0.001932686
s15,Control,0.0062164236,0.0038372985,0.0006139678,0,0,0.0013814275,0.1459708365,0.0049884881,0.0011511896,0.028856485,0,0.0014581734,0.0001534919,0,0,0.0039140445,0.0419033001,0.0016116654,0.0008442057,0,0.0002302379,0,0,0,0.6849577897,0.0010744436,0.0214121259,0.0317728319,0.0127398312,0.0009209517,0.0024558711,0,0,0.0015349194
s15,Control,0.0019325746,0.007515568,0.0018252094,0.003757784,0,0.0019325746,0.2587502684,0.0067640112,0.0008589221,0.0122396393,0.0358599957,0,0.0028988619,0,0.0067640112,0.0002147305,0.1013528022,0.0013957483,0.0016104788,0,0,0.0005368263,0,0,0.4860425166,0.0012883831,0.0001073653,0.0650633455,0.0008589221,0,0.000429461,0,0,0
s15,Control,0.0073196236,0.0149878006,0.0024398745,0.000697107,0,0.0010456605,0.34925061,0.0045311955,0.0031369815,0.0073196236,0.000697107,0,0,0,0.0160334611,0.0285813872,0.2115719763,0.0059254096,0.0052283025,0,0,0,0,0,0.234227954,0.0038340885,0.0094109446,0.0815615197,0.0090623911,0,0.0031369815,0,0,0
s15,Control,0.0162324235,0.0341191067,0.001344086,0.0011373036,0,0.0034119107,0.2459677419,0.0008271299,0.0014474773,0.0208850289,0.0156120761,0.0019644334,0.0073407775,0,0.0025847808,0.0294665012,0.0550041356,0.0058933002,0.0111662531,0,0.001344086,0,0,0.0002067825,0.3349875931,0.0076509512,0.0256410256,0.1431968569,0.0072373863,0.0076509512,0.0128205128,0.0010339123,0,0.0038254756
s15,Control,0.0110859552,0.0104613943,0.0006245609,0.0016394722,0,0.0049964868,0.2141463034,0.0034350847,0.0020298228,0.0231868218,0.0014052619,0.0016394722,0.0083535014,0,0.002185963,0.0154578812,0.125536732,0.0026543836,0.0048403466,0,0.001483332,0.0007807011,0.0021078929,0,0.3474900461,0.0016394722,0.0074947303,0.1523928488,0.01459911,0.0020298228,0.0338824264,0.0006245609,0,0.0017956125
s15,Control,0.0002724301,0.0007264802,0.0005448602,0,0,0.0001816201,0.3115691972,0.0002724301,9.08100254268071e-05,0.0083545223,0.0060842717,0,0,0,0.0018162005,0.0047221213,0.1133309117,9.08100254268071e-05,0.0029967308,0,0,0.0001816201,0,0,0.5315110788,0.003541591,0.0053577915,0.0006356702,0.0002724301,0.0015437704,0.0004540501,0,0.0031783509,0.0022702506
s15,Control,0.0047619048,0.0111969112,0,0,0,0.0027027027,0.1644787645,0,0.0021879022,0.0283140283,0.0149292149,0.0023166023,0.0033462033,0,0.0092664093,0.0047619048,0.0562419562,0.0037323037,0.0048906049,0,0.0043758044,0,0,0,0.5824967825,0.0030888031,0.0077220077,0.0803088803,0.0037323037,0.001029601,0.0033462033,0.0007722008,0,0
s15,Control,0.0180024661,0.0071516646,0.0007398274,0.0027127004,0,0.0006165228,0.2705302096,0.005918619,0.0006165228,0.0863131936,0.0080147965,0,0.0035758323,0,0.0378545006,0.032675709,0.154377312,0.0001233046,0.00702836,0,0.0014796547,0.0007398274,0.0001233046,0,0.2885326757,0.0040690506,0.0080147965,0.0180024661,0.0043156597,0.0007398274,0.0327990136,0.0013563502,0,0.0035758323
s16,Control,0.0526903327,0.0384014289,0,0.0020093771,0.0004465282,0.1013619111,0.2350971199,0.0015628489,0.0033489618,0.0062513954,0.0098236213,0.001786113,0.0283545434,0.0035722259,0.0008930565,0.0243357892,0.251841929,0,0.0026791695,0,0.0013395847,0.014735432,0.0002232641,0,0.0464389373,0.0410805983,0.0133958473,0.0480017861,0.0218798839,0,0.018307658,0.018307658,0,0.0118329984
s16,Control,0.1512506514,0.010552371,0.0001302762,0.0007816571,0.002084419,0.0188900469,0.4801980198,0.0009119333,0.0024752475,0.0044293903,0.0018238666,0.0011724857,0.0048202189,0.0022146952,0,0.0002605524,0.1916362689,0,0.0003908286,0.0002605524,0.0024752475,0,0.0002605524,0,0.0162845232,0.0221469515,0.0083376759,0.0581031787,0.0179781136,0,0.0001302762,0,0,0
s16,Control,0,0.0023357664,0,0.0002919708,0,0.0001459854,0.7554744526,0.0005839416,0.0013138686,0.0037956204,0,0,0.0005839416,0,0.0506569343,0.0090510949,0.0877372263,0,0.0005839416,0,0.0299270073,0,0,0,0,0.0087591241,0,0.0091970803,0,0,0.0322627737,0.0072992701,0,0
s16,Control,0.0408246581,0.012655644,0,0.0008164932,0.0006123699,0.0869565217,0.3361910594,0.0016329863,0.0032659726,0.004898959,0.0036742192,0,0.0006123699,0.001428863,0.0432741376,0.0144927536,0.3637477036,0,0.001428863,0,0.0034700959,0.0006123699,0.0004082466,0,0.0073484385,0.0134721372,0.0075525617,0.0181669729,0.0016329863,0,0.0202082058,0.0106144111,0,0
s16,Control,0.0014146495,0.0628733103,0,0.0009430997,0.0029864822,0.0174473436,0.432725558,0.0009430997,0.0072304307,0.0067588809,0.0034580321,0.0009430997,0.0022005659,0.0004715498,0.0375668029,0.0191763596,0.119144923,0,0.0012574662,0,0.0042439484,0.047312166,0.0022005659,0,0,0.0122602955,0.004558315,0.0430682175,0.0344231374,0,0.1310908519,0.0029864822,0,0.0003143666
s16,Control,0.001087252,0.038053819,0,0.0004077195,0.000543626,0.0009513455,0.8117695026,0.000815439,0.001087252,0.0063876053,0.0014949715,0,0.0062516988,0.0012231585,0.0020385974,0.0017667845,0.0790975809,0,0.0001359065,0.000271813,0.0051644469,0,0,0,0,0.0085621093,0.0014949715,0,0.0012231585,0,0.0263658603,0.001630878,0,0.0021745039
s16,Control,0.0132325142,0.0336483932,0,0.0013232514,0,0.0474480151,0.5155009452,0.0032136106,0.0013232514,0.0035916824,0.0062381853,0.0005671078,0.0109640832,0.0018903592,0.0213610586,0.0075614367,0.2640831758,0,0.0011342155,0,0,0,0.0001890359,0,0.0001890359,0.0361058601,0,0.0011342155,0.0073724008,0,0.0105860113,0,0,0.011342155
s16,Control,0.0022763487,0.0059185067,0,0.0009105395,0,0.0300478033,0.6660596403,0.0015934441,0.0006829046,0.0015934441,0.0047803323,0,0.0009105395,0,0.0243569315,0.0173002504,0.1830184384,0,0.0004552697,0,0.0004552697,0.0006829046,0,0,0.0020487139,0.0286819941,0,0.0031868882,0.0145686319,0,0.0104712042,0,0,0
s16,Control,0.021890686,0.0168711656,0,0.0013943112,0,0.0043223648,0.6422197434,0.0020914668,0.0009760178,0,0.0105967652,0,0.0036252091,0.0015337423,0.0168711656,0.0009760178,0.2136084774,0,0.0004182934,0.0004182934,0.0005577245,0.0005577245,0,0,0.0001394311,0.0068321249,0.0004182934,0.0029280535,0.04726715,0,0.0032069158,0.0002788622,0,0
s16,Control,0.0181933741,0.0730912847,0,0.0006355764,0.0044490347,0.027806467,0.5396838007,0.0003972352,0.0023834115,0.0047668229,0,0.0052435052,0.0336855486,7.94470485421467e-05,0.0050051641,0.0106459045,0.0405179948,0,0.0005561293,0,0.008183046,0,0,0,0.0007150234,0.0191467387,0.0136648923,0.0702311909,0.0672916501,0,0.0483832526,0.0052435052,0,0
s16,Control,0.0007302468,0.0071564189,0,0.0013144443,0.0001460494,0.0097853074,0.6727033737,0.0011683949,0.0023367898,0.0004381481,0.0001460494,0,0.0021907405,0.0004381481,0.0518475245,0.0221995034,0.1515992405,0,0.0004381481,0,0.0008762962,0,0,0,0.0039433328,0.0007302468,0.0027749379,0.0357820943,0.0087629619,0,0.0224916022,0,0,0
s16,Control,0.0845124283,0.0091778203,0,0.0005736138,0.0054493308,0.0379541109,0.5710325048,0.0006692161,0.0023900574,0.0030592734,0.0039196941,0.0028680688,0.004206501,0,0.0009560229,0.0005736138,0.1018164436,0,9.56022944550669e-05,0,9.56022944550669e-05,0.0144359465,0.0001912046,0.0076481836,0,0.0373804971,0.0077437859,0.0272466539,0.0459847036,0,0.004875717,0.0239961759,0,0.0011472275
s17,Control,0.0094607379,0.0078388971,0,0.0120286525,0.000675767,0.0024327612,0.5579132315,0,0.0001351534,0.0835248006,0.0044600622,0.0024327612,0,0.0051358292,0.0004054602,0.0016218408,0.0701446141,0.0010812272,0.0172996351,0,0.0010812272,0,0,0.0010812272,0.1963778889,0.004730369,0,0.0086498175,0.000675767,0.0071631302,0.0014866874,0,0,0.0021624544
s17,Control,0.0382385593,0.0034538054,0,0.0007401011,0.0037005057,0.0001233502,0.2971506106,0.0008634513,0.0004934008,0.1525841865,0.0061675096,0.0014802023,0,0,0.0007401011,0.0272603923,0.050326878,0.0004934008,0.0315776489,0,0.1131121253,0,0.0007401011,0.0002467004,0.1778709757,0.0171456766,0.0014802023,0.0197360306,0.007771062,0.0018502529,0.0442827186,0.0002467004,0.0001233502,0
s17,Control,0.0080753701,0.0033647376,0,0.0057200538,0,0,0.7375504711,0,0,0.0097577389,0.0107671602,0,0,0.0006729475,0.0016823688,0.0060565276,0.0615746972,0,0.0225437416,0,0,0,0,0,0.1295423957,0.0010094213,0,0.0016823688,0,0,0,0,0,0
s17,Control,0.0260148015,0.0058309038,0,0.0017941242,0,0.0142408612,0.4643417807,0.0043731778,0.0002242655,0.167638484,0.0004485311,0.003363983,0,0,0.0001121328,0.0189504373,0.0440681767,0.0005606638,0.0002242655,0,0,0,0,0.0026911864,0.1983628616,0.0011213277,0.0011213277,0.0266875981,0.0045974434,0.0049338417,0.0079614263,0,0.0003363983,0
s17,Control,0.006444276,0.0066338135,0,0.0037907506,0.0041698256,0,0.5394238059,0,0.0001895375,0.1597801365,0.0056861259,0.0011372252,0,0,0.0001895375,0.0051175133,0.0341167551,0,0.0037907506,0,0.0178165277,0,0.0007581501,0.0077710387,0.1125852919,0.0604624716,0,0.0054965883,0.0017058378,0.0018953753,0.0187642153,0.0001895375,0.0011372252,0.0009476876
s17,Control,0.0361804767,0.0184449489,0,0.0009931896,0.0043984109,0,0.6315266742,0.0068104427,0.0002837684,0.0679625426,0,0,0.0017026107,0,0.0002837684,0.0024120318,0.0065266742,0.003830874,0.0014188422,0,0.0278093076,0.0004256527,0,0.0011350738,0.0964812713,0.0139046538,0.0032633371,0.0364642452,0.0295119183,0,0.0078036322,0.0002837684,0.0001418842,0
s17,Control,0.0016218956,0.0163203244,0.0001013685,0.0041561075,0.0030410542,0.0285859098,0.3926001014,0.0083122149,0.0008109478,0.1618854536,0.0060821085,0.0060821085,0.0008109478,0,0.0008109478,0.0091231627,0.0224024328,0.0032437912,0.0033451597,0,0.0344652813,0,0.0003041054,0.0004054739,0.202128738,0.0202736949,0.0094272681,0.0115560061,0.0127724278,0.0014191586,0.0377090725,0,0.0002027369,0
s17,Control,0.0138965581,0.0104914412,0,0.0023927848,0.0073624149,0.007914596,0.4815939628,0,0.0009203019,0.1859930057,0.0044174489,0,0.0030369961,0.0015645132,0.0006442113,0.0001840604,0.0570587153,0.0019326339,0,0,0.0499723909,0.0004601509,0.0003681207,0.0057058715,0.0808945334,0.0369961347,0.0074544451,0.0094791091,0.0009203019,0.0056138413,0.0184980674,0.0011043622,0.0001840604,0.0029449659
s17,Control,0,0.0034587714,0,0.0179856115,0,0,0.8202822357,0,0,0.0273934698,0.0033204206,0,0,0.0002767017,0,0,0.0322357499,0.0002767017,0,0,0.025318207,0,0,0.0016602103,0.0493912562,0.0153569452,0,0.0006917543,0,0,0.0001383509,0,0.0008301051,0.0013835086
s17,Control,0.0971867008,0.0009300163,0,0.0003487561,0.0013950244,0,0.4333875843,0.0005812602,0.000116252,0.0470820739,0,0,0,0,0.0002325041,0.0056963497,0.2944664032,0,0.0125552197,0,0.0075563822,0.0003487561,0.0004650081,0.003371309,0.0460358056,0.0074401302,0.0037200651,0.0122064636,0.0005812602,0,0.0242966752,0,0,0
s17,Control,0.0102639296,0.0029325513,0,0.000209468,0.0006284039,0,0.4719312945,0.01738584,0.0010473398,0.1348973607,0.004189359,0.0056556347,0,0,0,0.0006284039,0.0494344365,0,0.0033514872,0,0.0018852116,0.0048177629,0.0012568077,0.0052366988,0.2165898618,0.0037704231,0,0.0454545455,0.0184331797,0,0,0,0,0
s17,Control,0.0658935161,0.0040063258,0,0.0022140221,0.0103321033,0.000843437,0.2483921982,0.0001054296,0.0011597259,0.0768581972,0.0046389035,0.0049551924,0.0001054296,0.0004217185,0.0003162889,0.0015814444,0.3168160253,0.001686874,0.000843437,0,0.01971534,0.0015814444,0.0007380074,0.0056931998,0.1263046916,0.0162361624,0.0062203479,0.0672641012,0.0133895625,0.0001054296,0.0011597259,0.0003162889,0,0.0001054296
s18,Control,0,0.0049059689,0,0,0,0.0024529845,0.003270646,0.003270646,0,0.2158626329,0.0196238757,0,0,0,0.0040883074,0.0261651676,0.3286999182,0.001635323,0.0024529845,0,0.0400654129,0,0,0,0.0310711365,0.0220768602,0,0,0.0114472608,0,0.2256745707,0,0.0163532298,0.0408830744
s18,Control,0.1900287632,0.0105465005,0.0015340364,0,0,0.0057526366,0.0021093001,0.0005752637,0.0044103547,0.0366251198,0,0.0026845638,0.0005752637,0,0.0009587728,0.0013422819,0.555704698,0.0019175455,0.0003835091,0,0.0086289549,0,0,0.0005752637,0.0005752637,0.0285714286,0.0214765101,0.0663470757,0.0389261745,0.0005752637,0.0023010547,0,0.003451582,0.0134228188
s18,Control,0.1046742914,0.0469915465,0.0022376927,0.0052212829,0.0002486325,0.0131775236,0,0.0012431626,0.0014917951,0.0638985579,0.0161611139,0.0042267529,0.0007458976,0,0.0017404276,0.0554450522,0.3846345102,0.0089507708,0.0014917951,0,0.0206364993,0.0009945301,0.0017404276,0.0002486325,0.0044753854,0.0166583789,0.000497265,0.0753356539,0.052461462,0.0002486325,0.105917454,0,0.0052212829,0.0029835903
s18,Control,0.0078552392,0.097629401,0.001122177,0.0049095245,0.0005610885,0.0067330621,0.099733483,0.0005610885,0.0124842194,0.031841773,0.0168326554,0.0075746949,0.0018235377,0.0005610885,0.0009819049,0.0213213634,0.3805582831,0.0154299341,0.001122177,0,0.0056108851,0,0.0007013606,0,0.0706971525,0.0267919764,0.0023846262,0.0037873475,0.0582129331,0.0021040819,0.0812175621,0,0.0025248983,0.0363304811
s18,Control,0.0011961722,0.004784689,0.004784689,0.0873205742,0,0.0035885167,0.0873205742,0.004784689,0,0.1016746411,0.0322966507,0,0,0.0035885167,0.0059808612,0,0.6004784689,0.0035885167,0,0,0,0,0,0,0,0.0227272727,0,0,0.0275119617,0.0011961722,0,0,0,0.0071770335
s18,Control,0.2070038911,0.0417639429,0.0010376135,0.0070038911,0,0.0568093385,0.0114137484,0.0023346304,0.0033722438,0.0591439689,0.0080415045,0.0171206226,0.0002594034,0,0.0002594034,0.0295719844,0.3128404669,0.013229572,0.0005188067,0,0.0002594034,0,0.0002594034,0.0007782101,0.0007782101,0.0363164721,0.0607003891,0.0127107652,0.0744487678,0.0012970169,0.0269779507,0,0.0023346304,0.0114137484
s18,Control,0.0080472103,0.0826180258,0.0026824034,0.0107296137,0,0.0118025751,0,0.0010729614,0,0.0654506438,0.0010729614,0.0150214592,0,0,0.0042918455,0.0230686695,0.6410944206,0.0010729614,0.0032188841,0,0,0,0,0,0,0.0536480687,0,0,0.0150214592,0.0032188841,0.0010729614,0,0.0091201717,0.0466738197
s18,Control,0.000578369,0.014459225,0.002313476,0.009832273,0,0.009832273,0.2683632157,0.004048583,0,0.1451706189,0.031810295,0.002891845,0.000578369,0.005205321,0.001156738,0.037015616,0.2926547137,0.010989011,0.000578369,0,0.00578369,0,0,0.001156738,0.019086177,0.0566801619,0.000578369,0,0.010989011,0.001735107,0.016194332,0,0.001156738,0.049161365
s18,Control,0.1014396456,0.0301218162,0.0022148394,0.0015503876,0.0006644518,0.0084163898,0.1798449612,0.0008859358,0.0104097453,0.0874861573,0.0274640089,0.0048726467,0.0004429679,0,0.0008859358,0.0015503876,0.2952380952,0.0033222591,0.0004429679,0,0.0106312292,0,0.0022148394,0.0002214839,0.0197120709,0.019047619,0.0068660022,0.0589147287,0.0788482835,0.0013289037,0.0163898117,0,0.0002214839,0.0283499446
s18,Control,0.1031752716,0.0083382464,0.0017687189,0.0006737977,0.0025267413,0.0122968079,0.3043881075,0.0008422471,0.0133075044,0.0460709172,0.0149919987,0.0057272804,0.0026109661,0.0036216626,0.0004211236,0.0203823802,0.15766866,0.0008422471,0.0007580224,0,0.0005053483,0.0002526741,0.0044639097,0.0005053483,0.0046323591,0.0147393245,0.0233302451,0.1211993599,0.0714225554,0.0007580224,0.0440495241,0,0.000589573,0.013139055
s18,Control,0.0562118126,0.0393075356,0.0014256619,0.0048879837,0.000203666,0.0120162933,0.000407332,0.0014256619,0.0079429735,0.0551934827,0.0187372709,0.0187372709,0.0081466395,0,0.0016293279,0.0040733198,0.5651731161,0.0069246436,0.0014256619,0,0.000407332,0.0020366599,0.000610998,0.000203666,0.0061099796,0.0122199593,0.0181262729,0.0217922607,0.0623217923,0.000203666,0.0403258656,0,0.000407332,0.0313645621
s18,Control,0.0040470935,0.0318248712,0.0016556291,0.0003679176,0.0003679176,0.0268579838,0.015084621,0.0012877116,0.0377115526,0.087196468,0.0152685798,0.0086460633,0.0005518764,0.0005518764,0.0025754231,0.0091979397,0.1872700515,0.0090139809,0.0012877116,0,0.004415011,0.0012877116,0.0047829286,0,0.0152685798,0.015084621,0.0406548933,0.1810154525,0.2575423105,0.0005518764,0.0362398823,0,0.0003679176,0.0020235467
s19,Control,0.0387002556,0.0321285141,0,0.0178897408,0.0010952903,0.0299379336,0.1299744432,0,0.0076670318,0.276743337,0.2267250821,0,0,0.0054764513,0.0003650968,0.0032858708,0.0850675429,0.0083972253,0,0,0.0251916758,0,0.0003650968,0,0.018985031,0.0324936108,0,0,0.0197152245,0.0040160643,0.0357794816,0,0,0
s19,Control,0.0184824903,0.0359922179,0,0.0008106355,0.0058365759,0.0092412451,0.0685797665,0.0006485084,0.0098897536,0.3926718547,0.0304798962,0,0.0027561608,0.0097276265,0.0001621271,0.0069714656,0.0609597925,0.0025940337,0,0,0.0188067445,0,0.0042153048,0,0.201848249,0.0154020752,0.0024319066,0.0160505837,0.0249675746,0.0034046693,0.0570687419,0,0,0
s19,Control,0.0506128905,0.0154211151,0.0003954132,0.0007908264,0,0.013444049,0.1470937129,0,0.0031633057,0.3542902333,0.0656385923,0,0.0003954132,0.0023724792,0,0.0015816528,0.1747726374,0.0039541321,0,0,0.0336101226,0,0,0.0003954132,0.0411229735,0.0162119415,0.0007908264,0.0395413207,0.0142348754,0,0.0193752471,0.0007908264,0,0
s19,Control,0.1295822677,0.0153452685,0,0,0,0.0110826939,0.2821824382,0,0.0017050298,0.3128729753,0.0059676044,0,0,0.0025575448,0,0.0281329923,0.0852514919,0.0059676044,0,0,0.0068201194,0,0,0,0.0144927536,0.0656436488,0,0,0.0136402387,0.0144927536,0.0042625746,0,0,0
s19,Control,0.010402875,0.0174011727,0,0.0034045773,0.0026480045,0.0030262909,0.0798184225,0.0119160204,0.0039720068,0.3693966333,0.0149423113,0,0.0026480045,0.0039720068,0.0013240023,0.0037828636,0.1628522792,0.0011348591,0.0005674295,0,0.0957064498,0,0,0,0.1017590316,0.0179686022,0.0003782864,0.0317760545,0.0174011727,0.0039720068,0.0376394931,0.0001891432,0,0
s19,Control,0,0.0053160071,0,0.0059066745,0,0,0.2309509746,0,0.0053160071,0.1305375074,0.1317188423,0,0,0.0313053751,0,0.0005906675,0.089781453,0.0005906675,0,0,0.0525694034,0.0354400473,0.0082693444,0,0.2120496161,0.03248671,0,0,0.006497342,0.006497342,0.0141760189,0,0,0
s19,Control,0.0775797138,0.0105448155,0,0.0007532011,0.007029877,0.0055234748,0.1034396184,0,0.0082852122,0.2129048456,0.151142355,0,0.0017574692,0.0030128044,0.000251067,0.0010042681,0.0976650766,0.0015064022,0,0,0.0371579212,0.0203364298,0.0047702737,0,0.1358272659,0.0318855134,0.0007532011,0.050715541,0.0210896309,0.0030128044,0.0115490836,0.0005021341,0,0
s19,Control,0.0319253438,0.0024557957,0,0.0009823183,0,0,0.1984282908,0.0132612967,0.0063850688,0.4626719057,0.0024557957,0,0,0.0004911591,0,0.0044204322,0.0604125737,0.0034381139,0,0,0.0019646365,0,0,0,0.0009823183,0.0613948919,0,0.0540275049,0.0265225933,0,0.0677799607,0,0,0
s19,Control,0.1759297952,0.0288340995,0,0.022565817,0,0,0.1792728792,0,0.0004178855,0.1170079398,0.0488926034,0,0,0.0367739239,0.0029251985,0,0.3226076055,0.0012536565,0.000835771,0,0.000835771,0,0,0,0.0363560384,0.0045967405,0,0,0.0087755955,0.0062682825,0.005850397,0,0,0
s19,Control,0.0012583893,0.0067114094,0,0.0041946309,0.0088087248,0.0004194631,0.1770134228,0.0398489933,0.0113255034,0.2088926174,0.0171979866,0,0.0037751678,0.0117449664,0.0025167785,0.0016778523,0.1606543624,0.0012583893,0.0008389262,0,0.0033557047,0.0461409396,0.0033557047,0,0.0893456376,0.0293624161,0,0.0398489933,0.0536912752,0,0.0759228188,0.0008389262,0,0
s19,Control,0.0185036203,0.0036202735,0,0.0020112631,0,0.0028157683,0.1882542237,0,0.0032180209,0.2570394208,0.0112630732,0,0.0008045052,0.0024135157,0.0004022526,0.0269509252,0.224456959,0.0044247788,0.0016090105,0,0.0124698311,0.0225261464,0.0020112631,0.0008045052,0.108608206,0.0301689461,0.0020112631,0.0446500402,0.0064360418,0.0048270314,0.017699115,0,0,0
s19,Control,0.0037493305,0.0198178897,0,0.0064274237,0,0.0005356186,0.2201392608,0,0.0042849491,0.2886984467,0.0632029995,0,0.0005356186,0.0026780932,0.0005356186,0.0021424746,0.2185324049,0.0016068559,0,0,0.0016068559,0.0407070166,0,0,0.0053561864,0.0905195501,0,0,0.0069630423,0,0.0219603642,0,0,0
s20,Control,0.0117527568,0.0068195009,0.0008705746,0.0002901915,0,0.1408879861,0.1941381312,0.0008705746,0.003047011,0.1208647707,0.024521184,0.0037724898,0.0268427162,0.0004352873,0.0985200232,0.0047881602,0,0.0011607661,0,0,0.052669762,0.0004352873,0,0,0.2521764364,0.0095763204,0.019587928,0.007980267,0.0011607661,0,0.0158154382,0.0010156703,0,0
s20,Control,0.0331398488,0.0043196544,0.0009449244,6.74946004319654e-05,0.0004049676,0.0124865011,0.2475026998,0.0005399568,0.003037257,0.1155507559,0.0043196544,0.0015523758,0.0165361771,0.0004049676,6.74946004319654e-05,0.0021598272,0.0041846652,0.0002024838,0,0,0.0664821814,0,0.0008774298,0.0045896328,0.3843817495,0.0110016199,0.0497435205,0.0149163067,0.0046571274,0.000337473,0.0092467603,0.0019573434,0.0031722462,0.0012149028
s20,Control,0.0325701826,0.0005451077,0.0005451077,0.0001362769,0,0.1375034069,0.5911692559,0,0.0039520305,0.0947124557,0.0004088307,0.0034069229,0.0025892614,0.0006813846,0.0004088307,0.0002725538,0.0322976288,0.0001362769,0,0,0.0001362769,0.0021804306,0.0006813846,0,0.022349414,0.009539384,0.0325701826,0.001635323,0.0017715999,0.0004088307,0.0147179068,0.0021804306,0.0104933224,0
s20,Control,0.0684540787,0.026485209,0.0007334366,0.0003259718,0.0007334366,0.0801075707,0.1955830821,0.0034227039,0.0134463369,0.1762692527,0.0210251813,0.0021188167,0.008230788,0.0004074648,0,0.0046450982,0.0171135197,0.0008149295,0,0,0.0005704507,0.0004889577,0.0005704507,0,0.2638741749,0.0098606471,0.0611197131,0.0080678021,0.0096161682,0.0035856898,0.0106755766,0.00497107,0.0053785348,0.0013038872
s20,Control,0.2019423462,0.0046246339,0.0006166179,0.0015415446,0.0012332357,0.0288268845,0.3981809773,0.0180360721,0.0023123169,0.1496839834,0,0,0.0072452598,0.0009249268,0.008324341,0.0052412517,0.0149529829,0.0001541545,0,0,0.0080160321,0.0027747803,0,0.0129489749,0.0064744874,0.0251271774,0.0390010791,0.0078618776,0.0069369508,0,0.0422383228,0.0038538616,0.0009249268,0
s20,Control,0.0826242108,0.0227834203,0.0035684875,0.0024704914,0,0.0159209443,0.3019489432,0.028273401,0,0.3181443865,0.000274499,0,0.0013724952,0.0016469942,0,0,0.0285479001,0.0005489981,0,0,0,0.0010979962,0.000274499,0,0.007136975,0.0310183914,0.0968981609,0.0043919846,0.0167444414,0,0.0274499039,0,0.006862476,0
s20,Control,0.0009320905,0.0147802929,0,0.0002663116,0.0001331558,0.0364846871,0.4015978695,0,0,0.1605858855,0.0015978695,0.0034620506,0.0122503329,0,0.0324900133,0.0019973369,0.0097203728,0.0002663116,0,0,0.0023968043,0.0003994674,0,0.0087882823,0.2613848202,0.0086551265,0.0014647137,0.0107856192,0.0107856192,0,0.0186418109,0,0.0001331558,0
s20,Control,0.007315289,0.0047549378,0.0025603511,0.0018288222,0.0003657644,0.0896122897,0.108632041,0,0.0054864667,0.2168983175,0.1645940015,0.0069495245,0.0047549378,0.0014630578,0,0,0,0.0003657644,0,0,0,0.0157278713,0.0010972933,0,0.1382589612,0.0651060717,0.0585223116,0.0413313826,0.017190929,0,0.0354791514,0.0113386979,0.0003657644,0
s20,Control,0.1390442298,0.0040671073,0,0.0010167768,0,0.1761565836,0.0429588205,0,0.0005083884,0.1433655313,0.0399084901,0.0073716319,0.0020335536,0,0,0.0632943569,0.0274529741,0.0010167768,0.0010167768,0,0.0038129131,0,0.0007625826,0,0.1560752415,0.0297407219,0.046009151,0.0030503305,0.0033045247,0.0116929334,0.0244026436,0,0.0010167768,0.070920183
s20,Control,0.0350194553,0.0308995193,0.0002288853,0.0018310826,0.0002288853,0.0137331197,0.4911879149,0.0151064317,0.0029755093,0.1929503319,0,0,0.0011444266,0,0.032043946,0.0061799039,0.0414282444,0.0002288853,0.0011444266,0,0.0009155413,0,0,0,0.0430304417,0.0155642023,0.0093842985,0.0091554131,0.0102998398,0,0.0411993591,0,0.0041199359,0
s20,Control,0.0231224234,0.0143394874,0.0016131923,0.0014339487,0.000896218,0.0439146801,0.2943179781,0,0.0028678975,0.1661588098,0.0919519627,0,0.0016131923,0.0071697437,0.028141244,0.0007169744,0.0211507439,0,0,0,0.0064527693,0.0034056282,0.000896218,0,0.2181394515,0.0060942821,0.01846209,0.0100376412,0.0003584872,0,0.0310091414,0.0051980642,0.0005377308,0
s20,Control,0.0088479596,0.0043336945,0.0028891296,0.001805706,0,0.0205850488,0.2824124233,0.0016251354,0.0001805706,0.1036475262,0.021849043,0.0036114121,0.0001805706,0.001805706,0,0,0.0767425063,0,0,0,0.0032502709,0.0001805706,0,0,0.4039364391,0.0063199711,0.0229324666,0.0012639942,0.0039725533,0.0016251354,0.0162513543,0.002708559,0.0070422535,0
